Playlist_uri,Playlist_name
spotify:playlist:37i9dQZF1DXcBWIGoYBM5M,Today’s Top Hits
spotify:playlist:37i9dQZF1DX0XUsuxWHRQd,RapCaviar
spotify:playlist:37i9dQZF1DX1lVhptIYRda,Hot Country
spotify:playlist:37i9dQZF1DX10zKzsJ2jva,Viva Latino
spotify:playlist:37i9dQZF1DX4JAvHpjipBk,New Music Friday
spotify:playlist:37i9dQZF1DX4sWSpwq3LiO,Peaceful Piano
spotify:playlist:37i9dQZF1DX4SBhb3fqCJd,RNB X
spotify:playlist:37i9dQZF1DWXRqgorJj26U,Rock Classics
spotify:playlist:37i9dQZF1DX4dyzvuaRJ0n,mint
spotify:playlist:37i9dQZF1DXcF6B6QPhFDv,Rock This
spotify:playlist:37i9dQZF1DWXJfnUiYjUKT,New Music Friday
spotify:playlist:37i9dQZF1DXcRXFNfZr7Tp,just hits
spotify:playlist:37i9dQZF1DX4o1oenSJRJd,All Out 2000s
spotify:playlist:37i9dQZF1DXbTxeAdrVG2l,All Out 90s
spotify:playlist:37i9dQZF1DX4UtSsGT1Sbe,All Out 80s
spotify:playlist:37i9dQZF1DWTJ7xPn4vNaz,All Out 70s
spotify:playlist:37i9dQZF1DXaKIA8E7WcJj,All Out 60s
spotify:playlist:37i9dQZF1DWSV3Tk4GO2fq,All Out 50s
spotify:playlist:37i9dQZF1DWTwnEm1IYyoj,Soft Pop Hits
spotify:playlist:37i9dQZF1DX2A29LI7xHn1,Signed XOXO
spotify:playlist:37i9dQZF1DX2RxBh64BHjQ,Most Necessary
spotify:playlist:37i9dQZF1DWVA1Gq4XHa6U,Gold School
spotify:playlist:37i9dQZF1DWY4xHQp97fN6,Get Turnt
spotify:playlist:37i9dQZF1DWX3387IZmjNa,B.A.E.
spotify:playlist:37i9dQZF1DWYkaDif7Ztbp,African Heat
spotify:playlist:37i9dQZF1DXan38dNVDdl4,Dancehall Official
spotify:playlist:37i9dQZF1DWSvKsRPPnv5o,Westside Story
spotify:playlist:37i9dQZF1DWUVpAXiEPK8P,Power Workout
spotify:playlist:37i9dQZF1DX0Tkc6ltcBfU,No Cap
spotify:playlist:37i9dQZF1DX1YPTAhwehsC,State of Mind
spotify:playlist:37i9dQZF1DWTggY0yqBxES,Alternative Hip-Hop
spotify:playlist:37i9dQZF1DX0HRj9P7NxeE,Workout Twerkout
spotify:playlist:37i9dQZF1DWT6SJaitNDax,We Everywhere
spotify:playlist:37i9dQZF1DX2r0FByV5U4C,Black History Salute
spotify:playlist:37i9dQZF1DWT2jS7NwYPVI,New Noise
spotify:playlist:37i9dQZF1DX82GYcclJ3Ug,The New Alt
spotify:playlist:37i9dQZF1DX49jUV2NfGku,Rock Solid
spotify:playlist:37i9dQZF1DX8FwnYE6PRvL,Rock Party
spotify:playlist:37i9dQZF1DX6mvEU1S6INL,You & Me
spotify:playlist:37i9dQZF1DX2SK4ytI2KAZ,it's alt good
spotify:playlist:37i9dQZF1DWZkHEX2YHpDV,The Scene
spotify:playlist:37i9dQZF1DWWJOmJ7nRx0C,Rock Hard
spotify:playlist:37i9dQZF1DZ06evO1nTCV2,This Is Ryan Adams
spotify:playlist:37i9dQZF1DZ06evO4m87u0,This Is The Black Keys
spotify:playlist:37i9dQZF1DZ06evO2CLCA8,This Is Tom Petty and the Heartbreakers
spotify:playlist:37i9dQZF1DZ06evO3M0Fbi,This Is Nirvana
spotify:playlist:37i9dQZF1DZ06evO0EhHXi,This Is Ramones
spotify:playlist:37i9dQZF1DZ06evO4nBpII,This Is Green Day
spotify:playlist:37i9dQZF1DZ06evNZXcOE4,This Is Jane's Addiction
spotify:playlist:37i9dQZF1DZ06evO1vHAZO,This Is Oasis
spotify:playlist:37i9dQZF1DZ06evO00jzcA,This Is KISS
spotify:playlist:37i9dQZF1DWY6vTWIdZ54A,Dirty Rock
spotify:playlist:37i9dQZF1DX1rVvRgjX59F,90s Rock Anthems
spotify:playlist:37i9dQZF1DX6ALfRKlHn1t,Soak Up The Sun
spotify:playlist:37i9dQZF1DXa9xHlDa5fc6,License To Chill
spotify:playlist:37i9dQZF1DX2aneNMeYHQ8,Rockin' Vibes
spotify:playlist:37i9dQZF1DWXs1L3AC0Xio,Rock Ballads
spotify:playlist:37i9dQZF1DXa6YOhGMjjgx,New  Alt-Rock Mixtape
spotify:playlist:37i9dQZF1DXcfZ6moR6J0G,Nu Metal Era
spotify:playlist:37i9dQZF1DWXMg4uP5o3dm,Alternative Beats
spotify:playlist:37i9dQZF1DX2S9rTKTX6JP,Rock Covers
spotify:playlist:37i9dQZF1DX6ujZpAN0v9r,Shoegaze Classics
spotify:playlist:37i9dQZF1DX0wiundViT27,Rock Me Up
spotify:playlist:37i9dQZF1DWYwMzXER4RFF,Post Punk
spotify:playlist:37i9dQZF1DX9wa6XirBPv8,Emo Forever
spotify:playlist:37i9dQZF1DXaGNG7NmtmZv,Classic Hardcore
spotify:playlist:37i9dQZF1DWZjmJmeiazwd,Ultimate Rock Gaming
spotify:playlist:37i9dQZF1DX8S0uQvJ4gaa,New Boots
spotify:playlist:37i9dQZF1DX5mB2C8gBeUM,Wild Country
spotify:playlist:37i9dQZF1DWYnwbYQ5HnZU,Country Gold
spotify:playlist:37i9dQZF1DX3Ee0ngF5ZVQ,Texas Country Now
spotify:playlist:37i9dQZF1DWYiR2Uqcon0X,Country Coffeehouse
spotify:playlist:37i9dQZF1DWW7RgkOJG32Y,Breakout Country
spotify:playlist:37i9dQZF1DX8WMG8VPSOJC,Country Kind of Love
spotify:playlist:37i9dQZF1DWXi7h4mmmkzD,Country Nights
spotify:playlist:37i9dQZF1DWTkxQvqMy4WW,Chillin' on a Dirt Road
spotify:playlist:37i9dQZF1DWU2LcZVHsTdv,Country by the Grace of God
spotify:playlist:37i9dQZF1DWVpjAJGB70vU,90s Country
spotify:playlist:37i9dQZF1DX24Kh15JFQJ0,New Traditions Country Heroes
spotify:playlist:37i9dQZF1DXbDjX0hus3Iu,Southern Rock
spotify:playlist:37i9dQZF1DXc0fQ4sGOnVJ,Field Party
spotify:playlist:0NfjMqrzcGKVsbYZmhf4Md,Classic Honky Tonk
spotify:playlist:37i9dQZF1DWWH0izG4erma,Country Rocks
spotify:playlist:37i9dQZF1DWUzFXarNiofw,R&B Weekly
spotify:playlist:37i9dQZF1DX4y8h9WqDPAE,Channel-X
spotify:playlist:37i9dQZF1DWXnexX7CktaI,Gold Edition
spotify:playlist:37i9dQZF1DWSfMe9z89s9B,Vanguard
spotify:playlist:37i9dQZF1DX2UgsUIg75Vg,Chilled R&B
spotify:playlist:37i9dQZF1DWY12BqhkMFW2,Soul Revived
spotify:playlist:37i9dQZF1DX62Nfha2yFhL,Soul Lounge
spotify:playlist:37i9dQZF1DWVEvzGeX3eRs,Love Deluxe
spotify:playlist:37i9dQZF1DWTJNOeepZTGy,Wine & Dine
spotify:playlist:37i9dQZF1DX7OIddoQVdRt,Spread the Gospel
spotify:playlist:37i9dQZF1DX70TzPK5buVf,Funk Outta Here
spotify:playlist:37i9dQZF1DX6VDO8a6cQME,I Love My '90s R&B
spotify:playlist:37i9dQZF1DX0H8hDpv38Ju,’80s Jam Session
spotify:playlist:37i9dQZF1DWYmmr74INQlb,I Love My '00s R&B
spotify:playlist:37i9dQZF1DWSIO2QWRavWZ,Queen
spotify:playlist:37i9dQZF1DWSRMdeGCgprt,The Rhythm
spotify:playlist:37i9dQZF1DX8tZsk68tuDw,Dance Rising
spotify:playlist:37i9dQZF1DXcZDD7cfEKhW,Pop Remix
spotify:playlist:37i9dQZF1DX0BcQWzuB7ZO,Dance Hits
spotify:playlist:37i9dQZF1DXa8NOEUWPn9W,Housewerk
spotify:playlist:37i9dQZF1DXa41CMuUARjl,New Music Friday Dance
spotify:playlist:37i9dQZF1DX0hvSv9Rf41p,Bass Arcade
spotify:playlist:37i9dQZF1DWXLeA8Omikj7,Brain Food
spotify:playlist:37i9dQZF1DX0r3x8OtiwEM,Lowkey Tech
spotify:playlist:37i9dQZF1DX6VdMW310YC7,Chill Tracks
spotify:playlist:37i9dQZF1DX8a1tdzq5tbM,Dance Classics
spotify:playlist:37i9dQZF1DX5GiUwx1edLZ,mint Acoustic
spotify:playlist:37i9dQZF1DXdgz8ZB7c2CP,creamy
spotify:playlist:37i9dQZF1DXaXB8fQg7xif,Dance Party
spotify:playlist:37i9dQZF1DX2TRYkJECvfC,Deep House Relax
spotify:playlist:37i9dQZF1DX32NsLKyzScr,Power Hour
spotify:playlist:37i9dQZF1DWTfrr8pte1rT,Rocktronic
spotify:playlist:37i9dQZF1DX0pH2SQMRXnC,Hardstyle Bangers
spotify:playlist:37i9dQZF1DWSf2RDTDayIx,Happy Beats
spotify:playlist:37i9dQZF1DX4eRPd9frC1m,Hype
spotify:playlist:37i9dQZF1DX8CopunbDxgW,metropolis
spotify:playlist:37i9dQZF1DWVY4eLfA3XFQ,Operator
spotify:playlist:37i9dQZF1DX6GJXiuZRisr,Night Rider
spotify:playlist:37i9dQZF1DX2pprEpa9URZ,Orgánica
spotify:playlist:37i9dQZF1DX2VvACCrgjrt,Nasty Bits
spotify:playlist:37i9dQZF1DWUq3wF0JVtEy,Shuffle Syndrome
spotify:playlist:37i9dQZF1DX91oIci4su1D,Trance Mission
spotify:playlist:37i9dQZF1DX1OIMC8iDi74,Trap Mojito
spotify:playlist:37i9dQZF1DWSrVdvTl1tVY,UK House Music
spotify:playlist:37i9dQZF1DWSRc3WJklgBs,Heart Beats
spotify:playlist:37i9dQZF1DX5Q27plkaOQ3,Dubstep Don
spotify:playlist:37i9dQZF1DX3FNkD0kDpDV,ADE Guest List
spotify:playlist:37i9dQZF1DX3XjJqhm9fqD,Haitian Heat
spotify:playlist:37i9dQZF1DWW3gTjSx5Dc7,This Is Axwell Λ Ingrosso
spotify:playlist:37i9dQZF1DWY1XXKzcWtF3,This Is David Mancuso
spotify:playlist:37i9dQZF1DX94qaYRnkufr,This Is Martin Garrix
spotify:playlist:37i9dQZF1DZ06evO3j5vfW,This Is Nicky Romero
spotify:playlist:37i9dQZF1DX2kvBlhyEkb6,This Is Tchaikovsky
spotify:playlist:37i9dQZF1DX37CqNpZIOOZ,This Is Richard Strauss
spotify:playlist:37i9dQZF1DX5ZPNS2aXuN4,This Is Bartók
spotify:playlist:37i9dQZF1DX1tT8vLysk8r,This Is Prokofiev
spotify:playlist:37i9dQZF1DX5M3XSYkKZCl,This Is: Pavarotti
spotify:playlist:37i9dQZF1DXaQQM8OxjxoC,This Is Brahms
spotify:playlist:37i9dQZF1DX6Hln2awUHXX,This Is Wagner
spotify:playlist:37i9dQZF1DWVTUSNpU0pKJ,This Is Satie
spotify:playlist:37i9dQZF1DWZhMbcax6CUd,This Is Ravel
spotify:playlist:37i9dQZF1DX30FdZ6jR5Gl,This Is Philip Glass
spotify:playlist:37i9dQZF1DWTBNkoD4HmYd,This Is Vivaldi
spotify:playlist:37i9dQZF1DX93wmY669mVj,This Is Liszt
spotify:playlist:37i9dQZF1DWXnRw5VvmZDb,This Is Debussy
spotify:playlist:37i9dQZF1DWY3VlkBR4Jhb,This Is Schubert
spotify:playlist:37i9dQZF1DX16wERbfwQvR,This Is Haydn
spotify:playlist:37i9dQZF1DX12YIlzNkccL,This Is Beethoven
spotify:playlist:37i9dQZF1DX8qqIDAkKiQg,This Is Mozart
spotify:playlist:37i9dQZF1DX9ZP5oobcNgA,This Is Handel
spotify:playlist:37i9dQZF1DWZnzwzLBft6A,This Is Bach
spotify:playlist:37i9dQZF1DX0FIO61wizta,This Is Verdi
spotify:playlist:37i9dQZF1DWXN6CDDJDZSt,This Is Puccini
spotify:playlist:37i9dQZF1DX0VplLa7NC0a,This Is Rossini
spotify:playlist:37i9dQZF1DWV0gynK7G6pD,Classical New Releases
spotify:playlist:37i9dQZF1DXafCT9DHTijq,Classical Halloween
spotify:playlist:37i9dQZF1DXajUXy2f1Dsi,Top Latin Classical
spotify:playlist:37i9dQZF1DXbIeCFU20wRm,Atmospheric Sci-fi Soundtracks
spotify:playlist:37i9dQZF1DWVfS4Cdd3PNf,Opera Classics
spotify:playlist:37i9dQZF1DX7cBprxbt1Fn,Gentle Classical
spotify:playlist:37i9dQZF1DWZtZ8vUCzche,Songs To Test Headphones With
spotify:playlist:37i9dQZF1DX1W7If2h64K3,This Is Schumann
spotify:playlist:1scnlLVq91NGtsA9sh0hfw,Nicholas Sparks | Songs from the Soundtracks
spotify:playlist:37i9dQZF1DX3LyU0mhfqgP,GLOW
spotify:playlist:37i9dQZF1DX59HcpGmPXYR,Pride Party
spotify:playlist:37i9dQZF1DWTMR78LDoAZC,Alternative Pride
spotify:playlist:37i9dQZF1DWX82ahbDuQIz,Best of Broadway
spotify:playlist:37i9dQZF1DXbmCTvLQy5AO,"Work It, Own It"
spotify:playlist:37i9dQZF1DWZZCoBbLu26P,Fierce
spotify:playlist:37i9dQZF1DX5TMFhaZc9ov,Queer As Folk
spotify:playlist:37i9dQZF1DWTLrNDPW5co2,Club Resistance
spotify:playlist:37i9dQZF1DX2GKumqRIZ7g,Disco Fever
spotify:playlist:37i9dQZF1DWZTHlwqNeZ4l,Tegan and Sara: Pride
spotify:playlist:37i9dQZF1DX6WKkjNUHy2F,Adam Lambert: Pride
spotify:playlist:37i9dQZF1DXajWk2WkW4sa,Kathy Griffin #PressPlayForPride
spotify:playlist:37i9dQZF1DX7wHseZmxqFF,Little Mix: Pride
spotify:playlist:37i9dQZF1DWTWaD7ByJaBc,MNEK: Pride
spotify:playlist:37i9dQZF1DX4yLn8TpmS3h,Years & Years: Pride
spotify:playlist:37i9dQZF1DX8SiEKUUEVVi,Conchita: Pride
spotify:playlist:37i9dQZF1DWYHkSks5rujC,The Long and Winding Road
spotify:playlist:37i9dQZF1DX5k1GSjYBi0z,All You Need Is Love
spotify:playlist:37i9dQZF1DWZreqadA03A8,Lucy In The Sky With Diamonds
spotify:playlist:37i9dQZF1DXdwF9DytRe8w,Here Comes The Sun
spotify:playlist:37i9dQZF1DXcHV6YH5zTsV,Twist and Shout
spotify:playlist:37i9dQZF1DWVs8I62NcHks,Disney100 Official Playlist
spotify:playlist:37i9dQZF1DZ06evO19UBIk,This Is The Doors
spotify:playlist:37i9dQZF1DZ06evO49hLQA,This Is AC/DC
spotify:playlist:37i9dQZF1DWZUozJiHy44Y,This Is Adele
spotify:playlist:37i9dQZF1DZ06evO3WooFO,This Is blink-182
spotify:playlist:37i9dQZF1DWWxPM4nWdhyI,This Is Ed Sheeran
spotify:playlist:37i9dQZF1DXc2aPBXGmXrt,This Is Justin Bieber
spotify:playlist:37i9dQZF1DXc7FZ2VBjaeT,This Is Lady Gaga
spotify:playlist:37i9dQZF1DZ06evO0yp56w,This Is Muse
spotify:playlist:37i9dQZF1DX8OYzU0lx5hL,This Is Nina Simone
spotify:playlist:37i9dQZF1DX6p4TJxzMRDe,This Is One Direction
spotify:playlist:37i9dQZF1DZ06evO19s0CZ,This Is The Rolling Stones
spotify:playlist:37i9dQZF1DX6bnzK9KPvrz,This Is The Weeknd
spotify:playlist:37i9dQZF1DZ06evO02Y0rS,This Is Bonobo
spotify:playlist:37i9dQZF1DZ06evO1S7maQ,This Is Bruce Springsteen
spotify:playlist:37i9dQZF1DX7QOv5kjbU68,This Is Drake
spotify:playlist:37i9dQZF1DWXDAhqlN7e6W,This Is: Max Martin
spotify:playlist:37i9dQZF1DX4c84KflUhSt,This Is Tony Bennett
spotify:playlist:37i9dQZF1DX4s3V2rTswzO,Classical Romance
spotify:playlist:37i9dQZF1DWXjj6kdiviS0,Baroque Classics
spotify:playlist:37i9dQZF1DWVx3vT1QCKCV,This Is John Coltrane
spotify:playlist:2NFOUmp2wyR5CrXtKDkUkB,1960s Nostalgia
spotify:playlist:1o2bTwofazfzElA5mXGf2t,Breakup Blues
spotify:playlist:6cdV0hVW2suJaMOxzwE46S,I Hate My Job.
spotify:playlist:2uhsnHgI4F2eFyvoMHY0GR,Instrumental Rock
spotify:playlist:2uVP1agvV5rba3MqLQ0pzy,Avant Folk
spotify:playlist:37i9dQZF1DX3BqHI5fuXWV,This Is Miles Davis
spotify:playlist:0BbcjurkvWrkWxKKLzcqIP,The Perfect Crafternoon
spotify:playlist:37i9dQZF1DX2mmt7R81K2b,Jazz Meets Classical
spotify:playlist:44XJR1i3Vl2B3acOEYwinE,Power Ballads
spotify:playlist:37i9dQZF1DWVV27DiNWxkR,Sad Indie
spotify:playlist:2YeGkAUQhmO8TCjSMbFYWf,Energy + Positivity
spotify:playlist:37i9dQZF1DWTwzVdyRpXm1,Desi Hits
spotify:playlist:0op6xwVK9pVhcxozSQPEsJ,Namaste
spotify:playlist:2Ph68VcwRfqRdnrKhY3oPS,Rustic Romance Wedding
spotify:playlist:2VxQy0Q22k1gP542tzaMCN,Word of Mouth
spotify:playlist:37i9dQZF1DXcDxnC0UqHJa,Folksy Covers
spotify:playlist:0sDO43KAaJUWIYassTKWYf,Indie Strings
spotify:playlist:2B64RN7KJte5x6iXgg02tv,Vinyasa Flow
spotify:playlist:3OUguxmuL5x24sMAw4qPku,Acoustic Commute
spotify:playlist:37i9dQZF1DWXJyjYpHunCf,Folk Pop
spotify:playlist:37i9dQZF1DX0IyMQV27EGn,Femme Fatale
spotify:playlist:37i9dQZF1DX79Y9Kr2M2tM,Chill + Atmospheric
spotify:playlist:37i9dQZF1DWU6Vfrf87eTG,Indie Folk for Focus
spotify:playlist:5v2J2noHVxPWgSrOw6lZsp,Summertime Vibes
spotify:playlist:37i9dQZF1DWTVIaV4KJYuq,Classic Covers
spotify:playlist:1W2XJETQjFYdzT4GuhBHmS,More Banjo!
spotify:playlist:37i9dQZF1DX8gLrc0tlHvS,Stomp & Holler
spotify:playlist:37i9dQZF1DX0611i4oGheJ,Soft & Slow
spotify:playlist:37i9dQZF1DX7Y2xcY13mN1,50 Irish Folk Songs
spotify:playlist:37i9dQZF1DX56crgoe4TG3,Bluegrass Covers
spotify:playlist:37i9dQZF1DX0RwLEp3x6W4,Bluegrass Origins
spotify:playlist:43rSnXFDoctqiZxvEqH14P,Chill as Folk
spotify:playlist:37i9dQZF1DWSNmwgf7Nv11,Boho & Chill
spotify:playlist:37i9dQZF1DX6dvuioZhoLo,Vintage Vibes
spotify:playlist:37i9dQZF1DX0yL7UvjSKZT,Indie Bluegrass
spotify:playlist:37i9dQZF1DXaUDcU6KDCj4,Fresh Folk
spotify:playlist:1IKDP8o4UvpfLh0SJX2e1b,The New Bohemian
spotify:playlist:37i9dQZF1DX9HwI3Crikcm,Irish Folk
spotify:playlist:37i9dQZF1DXcFk5r8uS3l2,Blues Roots
spotify:playlist:44Ht3IACEyKqiLBZupIhIk,Sweetgrass
spotify:playlist:37i9dQZF1DWV5vqkTng2MA,the new retro
spotify:playlist:37i9dQZF1DWXnscMH24yOc,Chill Covers
spotify:playlist:37i9dQZF1DWVvXA824aCbn,The Piano Bar
spotify:playlist:37i9dQZF1DWVFJtzvDHN4L,Cinematic Chillout
spotify:playlist:37i9dQZF1DXe5Q8muTQked,Ultimate Covers
spotify:playlist:37i9dQZF1DX9G9wwzwWL2k,Epic Classical
spotify:playlist:37i9dQZF1DX504r1DvyvxG,Classic Acoustic
spotify:playlist:37i9dQZF1DXbvE0SE0Cczh,Jukebox Joint
spotify:playlist:37i9dQZF1DX28npkgy2RE4,Modern Eclectic
spotify:playlist:37i9dQZF1DX58NJL8iVBGW,Southern Gothic
spotify:playlist:37i9dQZF1DX9pryhDLql25,Farmers Market
spotify:playlist:37i9dQZF1DX3Fzl4v4w9Zp,The Pulse of Americana
spotify:playlist:37i9dQZF1DX8NTLI2TtZa6,Intense Studying
spotify:playlist:37i9dQZF1DX6z20IXmBjWI,Infinite Acoustic
spotify:playlist:37i9dQZF1DWSlwBojgQEcN,Acoustic Love
spotify:playlist:37i9dQZF1DXcWBRiUaG3o5,Evening Acoustic
spotify:playlist:37i9dQZF1DWWwaxRea1LWS,Throwback Thursday
spotify:playlist:37i9dQZF1DWSkMjlBZAZ07,Happy Folk
spotify:playlist:37i9dQZF1DX35oM5SPECmN,Run Wild
spotify:playlist:37i9dQZF1DWUNIrSzKgQbP,Autumn Acoustic
spotify:playlist:62Tpw0jhT8kxF3KPbGciTk,Sweet Winter Songs
spotify:playlist:37i9dQZF1DWWEJlAGA9gs0,Classical Essentials
spotify:playlist:37i9dQZF1DX2taNm7KfjOX,Infinite Indie Folk
spotify:playlist:37i9dQZF1DWTtTyjgd08yp,Deep Dark Indie
spotify:playlist:37i9dQZF1DX56qfiUZBncF,Creativity Boost
spotify:playlist:37i9dQZF1DXb9LIXaj5WhL,90s Acoustic
spotify:playlist:37i9dQZF1DXdd3gw5QVjt9,Morning Acoustic
spotify:playlist:37i9dQZF1DWXmlLSKkfdAk,Acoustic Covers
spotify:playlist:37i9dQZF1DX571ttkrxAeN,Acoustic Cafe International
spotify:playlist:0pHFNRP8qkYhal0q0Irp6D,Disco Beats
spotify:playlist:7pD7pMFxcq8agMXqLQCggM,Rock & Roots
spotify:playlist:0XDRWlx2B1C1OXlaLlld8t,Interstate Drive Songs
spotify:playlist:67uEKAhAdvMJvumeC8ZgjB,Low Key Revelry
spotify:playlist:37i9dQZF1DWWoCDtOBjhpE,Top Female Artists of 2016 - USA
spotify:playlist:37i9dQZF1DWZqyWCBK6QTt,Spotify Singles: Covers
spotify:playlist:0fmNiEOXSfBfurQwf4gG5L,Best of 2016: Folk & Americana
spotify:playlist:7g3zHOim2XylTlM7Oittr8,Best of 2016:  Hot Country
spotify:playlist:2O0Nf9Mi5tM17PM7Ns6Fgu,Guest List: Orb
spotify:playlist:37i9dQZF1DXboQCHLEaHcr,Fangirls Run the World
spotify:playlist:37i9dQZF1DXbWHkfjljXoE,Power To The People
spotify:playlist:1HdxEroWca3L8JR3lvnolH,Artists Den + Spotify
spotify:playlist:1zriHsmiRJmTThtQk8UWPk,Women in Music | Stories & Songs
spotify:playlist:57clV3IPw1TXSWdzzDVDwp,BRILLIANTMINDS2016
spotify:playlist:37i9dQZF1DWSKpvyAAcaNZ,Blues & Roots Rock
spotify:playlist:37i9dQZF1DX2ULa1Ss8vbo,Irish Folk - Ballads
spotify:playlist:37i9dQZF1DX4nYqGKSH0ld,4th of July Party
spotify:playlist:79sVcfxVNazjyK2iBY9l3q,Incoming
spotify:playlist:37i9dQZF1DX17dmzi8A5FV,Ultimate Boybands
spotify:playlist:37i9dQZF1DX4WYpdgoIcn6,Chill Hits
spotify:playlist:37i9dQZF1DX6xOPeSOGone,Soft Rock
spotify:playlist:37i9dQZF1DWSiyIBdVQrkk,One Love
spotify:playlist:3QAT1vJA7CAIHIRP9Gkyqj,AMY
spotify:playlist:2wqwH7uKckoLe7UVTx1RfO,Follow Your Bliss
spotify:playlist:37i9dQZF1DXd4hrw8K7Pxm,Ballads Forever
spotify:playlist:37i9dQZF1DXaImRpG7HXqp,Calming Acoustic
spotify:playlist:37i9dQZF1DX0JKUIfwQSJh,70s & 80s Acoustic
spotify:playlist:1uIp2WHCf6ODHxHRPmjWG5,Rest & Relaxation
spotify:playlist:6jUFiT3D8f4Rt9n6UnC1aB,One Perfect Day
spotify:playlist:37i9dQZF1DXdbkmlag2h7b,DayDreamer
spotify:playlist:37i9dQZF1DX5Q5wA1hY6bS,Wild & Free
spotify:playlist:37i9dQZF1DXb6LkIGouseT,Dreamcatcher
spotify:playlist:37i9dQZF1DXaw68inx4UiN,Rain Forest Sounds
spotify:playlist:37i9dQZF1DX4aYNO8X5RpR,Nightstorms
spotify:playlist:37i9dQZF1DX2mFmJUZg4Mp,Gentle Rains
spotify:playlist:4Buj61XKuhfVLsW8rPX8YQ,Get Happy!
spotify:playlist:6QAwHYtCdTdrgX6wh1iE9H,Lazy Afternoon
spotify:playlist:37i9dQZF1DX4VvfRBFClxm,Acoustic Hits
spotify:playlist:4qq3MCSLrDgYx7RfJBDvij,The Bridge
spotify:playlist:6YMK6nqc1jS11fGraCU1o2,Spring Garden
spotify:playlist:37i9dQZF1DWTRnup1IgL4a,Guitar for Sleep
spotify:playlist:4MLFX9OXy9ncfBlTfei9Ok,Nightly Meditations
spotify:playlist:71WgbCkbVXGzAltJTAT6lD,(Descent) A Beginning
spotify:playlist:37i9dQZF1DX1s9knjP51Oa,calm vibes
spotify:playlist:37i9dQZF1DWZhzMp90Opmn,Pink Noise 10 Hours
spotify:playlist:37i9dQZF1DX9if5QDLdzCa,Ocean Waves
spotify:playlist:37i9dQZF1DWSW4ppn40bal,Sleep Noise
spotify:playlist:37i9dQZF1DWVEt8B7a1H1M,Birds in the Forest
spotify:playlist:0jJQDST7bzwAYlN19tFLXw,Covered in Country
spotify:playlist:37i9dQZF1DX5FuBDzVtEFX,Hawaiian Dreams
spotify:playlist:0mY9BQvlpraYLzg9BfKuVa,Traffic Jams
spotify:playlist:2nb7lCySvvf7PNxHUD5oun,#JazzAppreciationMonth
spotify:playlist:2f4rXblveCedKdU2adFgC8,Motivation Montage
spotify:playlist:7MsOqrEv1TxiHPDiYlWVLx,Sugar & Spice
spotify:playlist:3TymQFosH9UgfP5jV5mPEe,Soul Soothers
spotify:playlist:1JuraqRjLX4CmhyvvuXiPF,Winding Roads
spotify:playlist:0NaXa68Xyo4wmMiun5Lqgm,Carpool Karaoke
spotify:playlist:5JXV7ioEqB9ZA1b1RjSLVg,Songbirds
spotify:playlist:3fqSEmStIKS8s3mCCRQFid,Into the Woods
spotify:playlist:37i9dQZF1DWXRvPx3nttRN,Feel Good Acoustic
spotify:playlist:37i9dQZF1DX5l9rcXWdrth,Women of Hip-Hop
spotify:playlist:37i9dQZF1DX5OepaGriAIm,Women of Jazz
spotify:playlist:37i9dQZF1DX91UQmVbQYyN,EQUAL Indie
spotify:playlist:37i9dQZF1DX49poIUZYXp7,Women of Country
spotify:playlist:37i9dQZF1DWSIcimvN18p3,Women of Folk
spotify:playlist:37i9dQZF1DX1wNY9tfWQsS,Women of R&B
spotify:playlist:37i9dQZF1DX5AVYhCeISA6,Inspiring Latinas
spotify:playlist:37i9dQZF1DXd0ZFXhY0CRF,Women of Rock
spotify:playlist:37i9dQZF1DWVUSF6gmaR8i,The Piano Lounge
spotify:playlist:2EjRsHG8m4bGCrhCoJ1ykn,Bluegrass Byways
spotify:playlist:6pn7MZpvAxlKPzspzMR6T6,The Scenic Route
spotify:playlist:37i9dQZF1DXat5j4Lk8UEj,Folk Rock Favorites
spotify:playlist:37i9dQZF1DWVIzZt2GAU4X,Piano Ballads
spotify:playlist:37i9dQZF1DWZyQUsU1vj4x,Cinematic Indie Folk
spotify:playlist:37i9dQZF1DXafb0IuPwJyF,Tokyo Super Hits! 
spotify:playlist:37i9dQZF1DX654l3fFiq56,群星報喜：屬雞歌手
spotify:playlist:37i9dQZF1DX5JcPJgYjGcf,This Is EXO
spotify:playlist:37i9dQZF1DX6QDedCAYqRI,Haunting Vocals
spotify:playlist:37i9dQZF1DWYD2pxgooM7y,Sun Kissed
spotify:playlist:37i9dQZF1DWVbu3wLXA48X,Indie Shuffle
spotify:playlist:37i9dQZF1DX9tPFwDMOaN1,K-Pop ON! (온)
spotify:playlist:37i9dQZF1DX2ohL85TE8TI,Korean OSTs
spotify:playlist:37i9dQZF1DWW46Vfs1oltB,KrOWN
spotify:playlist:37i9dQZF1DX5LEXW9eXA0n,"발라드, 려요 (K-Pop Ballad Hits)"
spotify:playlist:37i9dQZF1DX1wdZM1FEz79,K-Folk/Acoustic
spotify:playlist:37i9dQZF1DX3ZeFHRhhi7Y,WOR K  OUT
spotify:playlist:37i9dQZF1DX1uG5byNIgDA,Morning K-Pop!
spotify:playlist:37i9dQZF1DXdTb8AG95jne,In The K-Indie
spotify:playlist:37i9dQZF1DX1gjl24GAQC0,Hallyu Boy Bands
spotify:playlist:37i9dQZF1DX3sCx6B9EAOr,드라이빙 댄스+ (K-Pop Dance Driving)
spotify:playlist:37i9dQZF1DX6Cy4Vr7Hu2y,EQUAL K-Pop
spotify:playlist:37i9dQZF1DX4OyEPaWHBdk,2022 MAMA AWARDS: The Winners
spotify:playlist:37i9dQZF1DX5eq3AONkaho,Workday K-Pop (내적댄스 업무/공부)
spotify:playlist:37i9dQZF1DXdR77H5Z8MIM,Nolja!
spotify:playlist:37i9dQZF1DX8eqay1FtdMm,v o K a l
spotify:playlist:37i9dQZF1DWXaehqeJpkro,노래방 인기가요 (Singing Room K-Pop)
spotify:playlist:37i9dQZF1DWTTHy0vndijk,Satang Mix (사탕 믹스)
spotify:playlist:37i9dQZF1DX1lU51fgoMhF,Summer K-Pop Hits (썸머 히트)
spotify:playlist:37i9dQZF1DX4IDaXtVjL83,K-Pop X-Overs
spotify:playlist:37i9dQZF1DWWjGdmeTyeJ6,Fresh Finds
spotify:playlist:37i9dQZF1DX6bBjHfdRnza,Fresh Finds Dance
spotify:playlist:37i9dQZF1DX8C585qnMYHP,Fresh Finds Experimental
spotify:playlist:37i9dQZF1DX3u9TSHqpdJC,Fresh Finds Pop
spotify:playlist:37i9dQZF1DWW4igXXl2Qkp,Fresh Finds Hip-Hop
spotify:playlist:37i9dQZF1DX78toxP7mOaJ,Fresh Finds Rock
spotify:playlist:37i9dQZF1DXao0JEaClQq9,Ethereal
spotify:playlist:37i9dQZF1DXc8kgYqQLMfH,lush lofi
spotify:playlist:37i9dQZF1DX0SM0LYsmbMT,Jazz Vibes
spotify:playlist:37i9dQZF1DXbXD9pMSZomS,Lo-Fi House
spotify:playlist:37i9dQZF1DWUraJYejk11q,Genre Glitch
spotify:playlist:37i9dQZF1DX2I7Ykltk83m,badass
spotify:playlist:37i9dQZF1DX5YyEO1dtgbR,Halo
spotify:playlist:37i9dQZF1DX3nNRJvSufrk,Footwork/Juke
spotify:playlist:37i9dQZF1DWVGy1YP1ojM5,Silk Sheets
spotify:playlist:37i9dQZF1DX0dU0Z2LOkZN,Gold Instrumental Beats
spotify:playlist:37i9dQZF1DWYoYGBbGKurt,lofi chill
spotify:playlist:37i9dQZF1DWZqUHC2tviPw,Trap Workout Beats
spotify:playlist:3g2dsbLbtpOz0Gpo4W50QK,We Dem Girlz
spotify:playlist:2PE0DbAlT8ZFiiYaCsCm4Q,1960
spotify:playlist:7EhO7YjjFdrNRtTHcRrnnQ,1961
spotify:playlist:7GSt7smvMMAiOFmPJ17jEf,1962
spotify:playlist:6c1DPPuq4eNKcS2usgij9m,1963
spotify:playlist:2XFhZrcFAFFvBLjRQrw9wI,1964
spotify:playlist:48GGszBLm7kS5D1xJuMnxD,1965
spotify:playlist:41YL3HcXd3zTXa1rMZY5uR,1966
spotify:playlist:3nT5EK7WTRbRZ5vtWg5irD,1967
spotify:playlist:0sbkEFgqbA3Jjot2lbqsyx,1968
spotify:playlist:1xZ87c95aRIeyvqVoKCtdM,1969
spotify:playlist:09D0CKBRWkBBoPn46V6YTO,1970
spotify:playlist:5xAfItDaeAViBRNdSuQ7ZG,1971
spotify:playlist:1DcArrb34m9SS3o8O2dATX,1972
spotify:playlist:5WUFWhGRVpi4ED9QpK2hOF,1973
spotify:playlist:78UTV8Gw5bHpyWc65qR4Px,1974
spotify:playlist:67FrRIrS2v0WAs8yE2JTUM,1975
spotify:playlist:3axv4DMbWHWf7uxOPB1I7K,1976
spotify:playlist:2cIkPMesqdx5VV6IAvX9bE,1977
spotify:playlist:05dTMGk8MjnpQg3bKuoXcc,1978
spotify:playlist:2xtEcvpPTus59Ppa0fv3xP,1979
spotify:playlist:4j0G7LOHRpKYDDXa8lxUik,1980
spotify:playlist:5Co3nToduGTXXF1ra9gXB3,1981
spotify:playlist:722UH6DU3oigTYKBnfBZSy,1982
spotify:playlist:2wHQqJDXcWgQ4GLdVCfb8G,1983
spotify:playlist:0FXAO6yBxrfz5PTOEuvq67,1984
spotify:playlist:5p5jgESe4r75R70Rzvqpcy,1985
spotify:playlist:3GM3OMvut5VuRht0dr8GJX,1986
spotify:playlist:6sKz6mI28U6Dcj7a8WpRnQ,1987
spotify:playlist:1ASJaLRG6NhOpwc8vGYceZ,1989
spotify:playlist:0COE1X7FirWRdfOgls1JJV,1990
spotify:playlist:6ATJMRUakF2bhZcPBYjnD5,1991
spotify:playlist:62NfPhRvacdmSAsNghaRs5,1992
spotify:playlist:33sPgLhtkMgQLWMgdHRQma,1993
spotify:playlist:27hnSuEcFg6wr5C5t3J5eL,1994
spotify:playlist:1FDK3hDHMSyzjC1IpdIOU3,1996
spotify:playlist:4nftZhTZDARHbC2oX5l2Vw,1997
spotify:playlist:1WkrD0MvdN3BcLa4DXBRCQ,1999
spotify:playlist:0JvFNpF6sn3LeV5LXbbSxv,2000
spotify:playlist:5TUU1rXz87AipJYg92AXFg,2001
spotify:playlist:665gwFk3RaSHbgiimtgok0,2002
spotify:playlist:2I7h7Mj5bGlqhI4PyupTPF,2003
spotify:playlist:1XbPuTCA2KsqAOn9PJploZ,2004
spotify:playlist:1Gn0PYtF7VmfuZD0Gb91fN,2006
spotify:playlist:0KIKHBXChX4m2MVm8qQk6N,2007
spotify:playlist:3jibtPWLDXBK0OCJN6Ztsf,2008
spotify:playlist:1fLy5EE5473UueC82LvQub,2009
spotify:playlist:2eCpwX876ZuWtIsZweYMnr,2010
spotify:playlist:0BXZJ6BiA151CzaMcTKPMN,2011
spotify:playlist:7z2Wo5a21ENb24YGcEdoTE,2012
spotify:playlist:3D8eZBmcXjAjFzUjYtrl6f,Dear Mama
spotify:playlist:23sHdrU9wnUTqYjHZQ101O,Top 100 tracks of 2014 - Sweden
spotify:playlist:2rdMSQHM9YryNLPnEbQ7g6,Joe Cocker
spotify:playlist:37i9dQZF1DXcecv7ESbOPu,New Music Friday Sweden
spotify:playlist:7qLIVhpCFAiX1Teqf3L6Y4,Happy Birthday Cheryl!
spotify:playlist:5PzDJIsyNnFxgu0t6Lf41G,June 2
spotify:playlist:7IwNlM5pdX8XWPyhMRhq64,May 20
spotify:playlist:2UwTnYkh7zZjMY6NEQdP95,Grazia Daily: Summer 2013
spotify:playlist:6cSrBkF4TPHetlU033IopA,LSP
spotify:playlist:61T3llVc7dJDCZf1SR72c0,Vogue Travel: The Sound of the Upper East Side
spotify:playlist:1OhJNFdK6FhLToiHmx7abI,POST
spotify:playlist:1npVCZGxmhbfhAyeDEqhwA,Disclosure's Spotify Playlist
spotify:playlist:78Afk1ZdGIAwEG8s3hq49D,The Roots of... Mumford & Sons
spotify:playlist:1pARmsw0z4yebhBtZKxAU0,June 10
spotify:playlist:5hINCaYWvVwzzLmhh4y11x,HAIM
spotify:playlist:6llXb59kkj2STIMBcDobJT,101_FTB
spotify:playlist:2ns4wV7T6X3vlCnzxYwagu,Grazia Daily: The Best of Primavera
spotify:playlist:4fFfXVLYv59XIfPdUvMqKC,braids
spotify:playlist:31agQ1yW51tGsDIFZbAZMl,XFM JUNE 26
spotify:playlist:1omLAKnMAhhkMSe2IGisUZ,The Beach Boys: The Real Best Of...
spotify:playlist:0kfqBZx9obUKiLVDwTqGly,boys cast
spotify:playlist:2G5Wlqt6clkHH2KFK2LS5Q,Happy Birthday George!
spotify:playlist:6vpXSVefNo73POjhwyiWmu,Remembering 2Pac
spotify:playlist:3rMnCpY0WEROlje2b8Bjdn,The Hot Sounds of 1926
spotify:playlist:45Cyxm3R3Gpn2upYrjcPbc,Happy Birthday Kanye!
spotify:playlist:0dVRyMERU2g9M4tWEfaD5B,Mollie King 
spotify:playlist:5Ir6gs0eXKyPj3Qin8uEun,Happy Birthday Sir Tom!
spotify:playlist:44uPoVqT6tOn5AphWVnSvu,Happy Birthday Prince!
spotify:playlist:66uSq0mmMKat8vPRxsbmhp,Happy Birthday Joe Cocker
spotify:playlist:4njfFyb4EgzewhH9kTQuwN,Happy Birthday Mollie!
spotify:playlist:2vfyCK7WsXnVeItNwuiFFR,"Congratulations, Sofia and Daniel"
spotify:playlist:5zpAWvvDe0Q8TXjrgInIke,Welcome Baby Kimye!
spotify:playlist:52FOMIrumGaNXnwKfrlAVf,The Roots of... Vampire Weekend
spotify:playlist:6kDXxWpyGJ2f7nQWQwOMBA,PF
spotify:playlist:1dB0DjEsx9Gy0VG7Hmyc7Q,Happy Birthday Nicole!
spotify:playlist:6r0dNjQD0WUHKs1gpMvpLk,JIRMP
spotify:playlist:3npIV1kNBTG2NHwBfv4t5H,Happy Birthday Sir Paul!
spotify:playlist:13WGZTkVyBhWCD2z7wSwe7,"Happy Birthday, Lionel"
spotify:playlist:2EsohEQHsGn1LWNgOxnuoI,Global Music Day
spotify:playlist:0qNxhUDMiSLrSdTCYD87qn,Dub Zone
spotify:playlist:2hirOuzhv3EK3AgEV2nKZn,Hats The Way I Like It: Ascot 2013
spotify:playlist:4SJ51ZOUgnrv5GjY1GCZAL,Pink Floyd: Start Here
spotify:playlist:3l6cfhKgkSNxYydKiD9o4G,RIP James Gandolfini
spotify:playlist:6LY1QKuuZv6rtPKsHJSsnF,Mountain Session
spotify:playlist:0tkdz9yYluhlxVE9BuJOPm,Spotify Sessions
spotify:playlist:1YGlW3ovCv9Vek4CPnV0mZ,Great Love Ballads
spotify:playlist:0YX4v2yeHtc1Dz43CYfZub,Only Lovers Left Alive - Playlist by Jim Jarmusch and Carter Logan of SQÜRL
spotify:playlist:37i9dQZEVXbMDoHDwVN2tF,Top 50 - Global
spotify:playlist:37i9dQZF1DXbvfORzIlDQm,Roots of Change
spotify:playlist:37i9dQZF1DX1ewVhAJ17m4,Pop Punk's Not Dead
spotify:playlist:1kPmmFOfrsEk7KzW46uo8m,CAZZETTE – Eject pt. I
spotify:playlist:3kNL4k3rmfGRfx577lL715,US Exclusives
spotify:playlist:7iUOaMP7iKI22rBNflBwjX,Nelson Mandela Tribute
spotify:playlist:0aArwHugPhiiuaL8KxyVXQ,Spotify Global Discoveries
spotify:playlist:4nInziu6O7lNV0ucn8w7YV,Spotify Global Hits
spotify:playlist:5JOn3LSfpbCrOQ7azB4S6C,New Singles on Spotify
spotify:playlist:5lMXuhAFbG0xiAw0XiYKAP,Top Dads on Spotify
spotify:playlist:4nGMejqlEJh82huRHZ19cE,Top Misquoted Song Lyrics
spotify:playlist:6WHZXvb7hEN5w9VMFWPm1x,Keep On Pushing: A Labour Playlist
spotify:playlist:5BQyCxfPfCno0PuTqkZUgb,Top Tracks in Kids
spotify:playlist:6dvI9YLz5JyXhoUo0eQJze,Top Tracks in Popculture
spotify:playlist:2Hg4Q2t6mD8PITWKAQCMFD,Top Tracks in Travel
spotify:playlist:7s0efM9c1ZS427tw2B6wEF,Top Tracks in Workout
spotify:playlist:6NjugpbMNtXAtbv3NIbb3j,Spotify House Thursday
spotify:playlist:53yqWl4VM0iD34tl27ABhY,Walter - Dangerous
spotify:playlist:08ySLuUm0jMf7lJmFwqRMu,Skyler - Strong
spotify:playlist:2nRUp0P50ClCxPibGSfFcL,Hank - Gutsy
spotify:playlist:10zBfLMB5ty2Pec5LYRcgI,Jesse - Street Smart
spotify:playlist:423y0vzm6cfn0Q1o3JBUDR,Marie - Sassy
spotify:playlist:7dRuhLsXe96SgjYtPvMEcL,Walt Jr. - Innocent
spotify:playlist:37i9dQZF1DX5J7FIl4q56G,All New Metal
spotify:playlist:37i9dQZF1DXe6bgV3TmZOL,Adrenaline Workout
spotify:playlist:37i9dQZF1DXbl9rMxGEmRC,Extreme Metal
spotify:playlist:37i9dQZF1DX1cJWWyylDuw,Deathcore
spotify:playlist:37i9dQZF1DX9qNs32fujYe,Heavy Metal
spotify:playlist:37i9dQZF1DWTcqUzwhNmKv,Kickass Metal
spotify:playlist:37i9dQZF1DWXIcbzpLauPS,The Core
spotify:playlist:37i9dQZF1DWXDJDWnzE39E,Heavy Queens
spotify:playlist:37i9dQZF1DWWOaP4H0w5b0,Metal Essentials
spotify:playlist:37i9dQZF1DWY5ai7gxfuaS,Alternative Metal
spotify:playlist:056jpfChuMP5D1NMMaDXRR,Metallica: The Early Years
spotify:playlist:37i9dQZF1DX37bXS7EGI3f,Epic & Melodic
spotify:playlist:7yza99mVQaqnk4Hqs4T3kq,New Wave Of British Heavy Metal
spotify:playlist:37i9dQZF1DX5wgKYQVRARv,Progressive Metal
spotify:playlist:37i9dQZF1DXdpVGstUksUC,Stoner Rock
spotify:playlist:37i9dQZF1DWZdFtcHGe8ED,Thrashers
spotify:playlist:7buHbubC96caOTOSQQJ4pl,Year in Metal 2014
spotify:playlist:37i9dQZF1DXbADqT0j1Cxt,Lullaby Baby
spotify:playlist:37i9dQZF1DX3uZHsihe90o,Family Folk
spotify:playlist:37i9dQZF1DWX16Q183eyvd,Hip-Hopscotch & Reggae Recess
spotify:playlist:37i9dQZF1DWWVwtV5Pv39d,Your Daily Routine
spotify:playlist:37i9dQZF1DX6ALixlKf7N8,Once Upon A Time
spotify:playlist:37i9dQZF1DX6IZDpJNxVZP,Trick or Treat
spotify:playlist:2KSySxa7iudjK0IsgFxuaW,We Love Elmo!
spotify:playlist:37i9dQZF1DWXakVTmpoTAP,Father's Day
spotify:playlist:37i9dQZEVXbMnZEatlMSiu,Top 50 - Taiwan
spotify:playlist:37i9dQZEVXbIVYVBNw9D5K,Top 50 - Turkey
spotify:playlist:5sFZ3M4gXeYScR9VJTyBh2,Lost the Game? Drown Your Sorrows
spotify:playlist:37i9dQZF1DXcbAIldMQMIs,text me back
spotify:playlist:37i9dQZF1DX2UXfvEIZvDK,Chill Rock
spotify:playlist:37i9dQZF1DX11ghcIxjcjE,Grunge Forever
spotify:playlist:37i9dQZF1DX0BZrbvIqxCd,Punk Rock Workout
spotify:playlist:37i9dQZF1DXbFRZSqP41al,One More Rep
spotify:playlist:37i9dQZF1DXasneILDRM7B,Pure Pop Punk
spotify:playlist:37i9dQZF1DXcq57wSefud5,Sunrise Run
spotify:playlist:37i9dQZF1DWTlgzqHpWg4m,California Rock State
spotify:playlist:37i9dQZF1DWWqNV5cS50j6,anti pop
spotify:playlist:37i9dQZF1DX6OgmB2fwLGd,Internet People
spotify:playlist:37i9dQZF1DWVsh2vXzlKFb,Summer Indie
spotify:playlist:37i9dQZF1DX8f6LHxMjnzD,Singled Out
spotify:playlist:37i9dQZF1DWY0DyDKedRYY,RADAR US
spotify:playlist:37i9dQZF1DXdwmD5Q7Gxah,Lorem
spotify:playlist:37i9dQZF1DXbYM3nMM0oPk,Mega Hit Mix
spotify:playlist:37i9dQZF1DWUa8ZRTfalHk,Pop Rising
spotify:playlist:37i9dQZF1DWYs83FtTMQFw,Hot Rhythmic
spotify:playlist:37i9dQZF1DX3rxVfibe1L0,Mood Booster
spotify:playlist:37i9dQZF1DX0s5kDXi1oC5,Hit Rewind
spotify:playlist:37i9dQZF1DWU13kKnk03AP,Daily Lift
spotify:playlist:37i9dQZF1DX0MLFaUdXnjA,Chill Pop
spotify:playlist:37i9dQZF1DX5CdVP4rz81C,Fresh & Chill
spotify:playlist:37i9dQZF1DXaK0O81Xtkis,soda
spotify:playlist:37i9dQZF1DXa2PvUpywmrr,Party Hits
spotify:playlist:37i9dQZF1DWSqBruwoIXkA,sad hour
spotify:playlist:37i9dQZF1DX1dvMSwf27JO,'fit check
spotify:playlist:37i9dQZF1DXbEm2sKzgoJ8,Make Out Jams
spotify:playlist:15wD5DzfOIRx7QnJKDLtav,Austin Pops
spotify:playlist:50l7KMPuO1jMnpofYHCwV1,Austin After Dark
spotify:playlist:37i9dQZF1DWTLlRxFAxbpj,Spring Break
spotify:playlist:37i9dQZF1DWWwzidNQX6jx,70s Rock Anthems
spotify:playlist:37i9dQZF1DWWzBc3TOlaAV,60s Rock Anthems
spotify:playlist:37i9dQZF1DX56bqlsMxJYR,Classic Oldies
spotify:playlist:37i9dQZF1DXb3m918yXHxA,Yacht Rock
spotify:playlist:37i9dQZF1DX1spT6G94GFC,80s Rock Anthems
spotify:playlist:37i9dQZF1DX5kjCvsC5isB,Fierce Femmes
spotify:playlist:37i9dQZF1DX8V6C5Nr1MvC,Rocktail Hour
spotify:playlist:2Ky26QAfAYo2Zdlo8MqcdH,Punkcake
spotify:playlist:37i9dQZF1DWSJHnPb1f0X3,Cardio
spotify:playlist:37i9dQZF1DX70RN3TfWWJh,Workout
spotify:playlist:37i9dQZF1DWViBxWcYEI1b,Contemporary Blend
spotify:playlist:37i9dQZF1DWTypZHlgEy1G,Standards de la Chanson Française
spotify:playlist:37i9dQZF1DXdJa941ExayM,unleashed
spotify:playlist:37i9dQZF1DX3LDIBRoaCDQ,Classic Punk
spotify:playlist:37i9dQZF1DX3MU5XUozve7,Skatepark Punks
spotify:playlist:37i9dQZF1DX7WJ4yDmRK8R,The Essential Ska
spotify:playlist:37i9dQZF1DX0KpeLFwA3tO,All New Punk
spotify:playlist:37i9dQZF1DX3YlUroplxjF,Crash Course
spotify:playlist:37i9dQZF1DXd6tJtr4qeot,Punk Essentials
spotify:playlist:37i9dQZF1DXaDzsRodF91I,Covered In Punk
spotify:playlist:37i9dQZF1DXcBkxDaAQX0a,Punk Unplugged
spotify:playlist:37i9dQZF1DX3Gj7nguS95W,Is it New Wave?
spotify:playlist:37i9dQZF1DWWpO97CaFM3p,wanderlust
spotify:playlist:37i9dQZF1DWZC2yew0xGiz,Film & TV Favorites: 90s Black Cinema
spotify:playlist:37i9dQZF1DXabrEiRjQMgs,Classical Ballet
spotify:playlist:37i9dQZF1DX2i24iHGhL24,Pop Covers
spotify:playlist:35HteeTTB5NE0hsliZ77H1,The Life Eclectic
spotify:playlist:2zlFpwRI7aroWy0ecv6O34,Evening Serenades
spotify:playlist:2idQpnxeioGlOsW66uaQ3U,Flex & Flow
spotify:playlist:1oDFttzXiLUJLjMyulUugY,Workday – Zen
spotify:playlist:26AgqJwDHB7p2SKJFHrtte,Keep it Low Key
spotify:playlist:37i9dQZF1DWUH2AzNQzWua,Acoustic Hits: Oldies but Goodies
spotify:playlist:0Tn4EK4iKI58XnvWHuMMm0,Classical Café
spotify:playlist:37i9dQZF1DWXBq4mDDFnfA,Relaxing Classical Guitar
spotify:playlist:5H22bACwDGRsIQQyE9oy3I,The Grove
spotify:playlist:1Htq6RhM8B9MgMXdwqgPxW,Fresh Jazz | The New Vanguard
spotify:playlist:6jbGdICAmvGjlURC1gcgRe,Get Lifted
spotify:playlist:37i9dQZF1DXc6Umi4GHdr1,Instrumental Guitar Focus
spotify:playlist:37i9dQZF1DXa19sXUAHiO1,"Good Times, Great Oldies"
spotify:playlist:6juf9A1KL8naPZFa2YngsM,Jazz on the Rocks
spotify:playlist:5cdRxEiQmawJaraYYEF7Di,#SundayFunday
spotify:playlist:2dWfCGZguakRQagX7wM6Mi,#FlashbackFriday
spotify:playlist:0kVaFpvoi0O4IbyJyEZckU,Amped up.
spotify:playlist:5ahhg3aywppGeJs8tXvZOo,The New Standards
spotify:playlist:2udwObkzQEPQWbUi95SzGM,Up & Out
spotify:playlist:37i9dQZF1DXaiAJKcabR16,Acoustic Grit
spotify:playlist:3vnx7BaCl3YmHrg3WGLedp,Take it Easy
spotify:playlist:37i9dQZF1DX4jUyNIMkj6N,Nordic Folk
spotify:playlist:5XyoROE7WrTHtvcwFrhzO1,Britfolk
spotify:playlist:7iJKTAmd5aP1opVYLB3XJ4,Morning Rituals
spotify:playlist:5sty33UvgJZzeyfocoOaUV,#MakeitHappen
spotify:playlist:5LtwydYUv9Um4D2toY3Wzh,Singing in the Shower...
spotify:playlist:37i9dQZF1DWUDoJcM4v6Tm,The Wilds
spotify:playlist:6zcjhNUkQ6taQK9hxhweCj,Vintage Blues Folk
spotify:playlist:0aXP5u51kHZiKvxkUPq0IL,Indie Ballads
spotify:playlist:25zEHXJzEQZU1eyF6eqEzD,Barista Blend
spotify:playlist:37i9dQZF1DWU0ScTcjJBdj,Relax & Unwind
spotify:playlist:37i9dQZF1DWWMOmoXKqHTD,Songs to Sing in the Car
spotify:playlist:37i9dQZF1DXa2PsvJSPnPf,Front Porch
spotify:playlist:37i9dQZF1DX7tfbjVrTPnV,Americana Icons
spotify:playlist:37i9dQZF1DWSlw12ofHcMM,Swagger
spotify:playlist:5baU2nNxC8ag8XzlHNsANg,Bring Back the 2000s
spotify:playlist:0ByLkBLDx1AS5yXJuBTyCd,World Folk
spotify:playlist:37i9dQZF1DWWTA1Ie7iu8r,"Creepy, Stupid, Love"
spotify:playlist:37i9dQZF1DX9GxQjEBVviW,Doo-Wop Dee Doo
spotify:playlist:37i9dQZF1DX84kJlLdo9vT,Happy Days
spotify:playlist:6OeIIMFsdtsL9VUyL6PDvX,Indie One Stop
spotify:playlist:37i9dQZF1DX6ziVCJnEm59,Your Favorite Coffeehouse
spotify:playlist:37i9dQZF1DX4pAtJteyweQ,Valentine's Day Love
spotify:playlist:4qstWgP2KMRSiTY3a1fF2R,Beat Down Your Morning
spotify:playlist:37i9dQZF1DWWGFQLoP9qlv,Legendary
spotify:playlist:2EcSH9oZNzBmGDNqoTdvBJ,Wicked Wives Wine Party 
spotify:playlist:37i9dQZF1DWT1R6bXL4dyW,The Perfect Italian Dinner
spotify:playlist:37i9dQZF1DX5NXVhu59GCz,Acid Blues
spotify:playlist:37i9dQZF1DWX1UA045EoPG,Summer Heat
spotify:playlist:37i9dQZF1DX0uqkwkR49kK,Prog Rock Monsters
spotify:playlist:37i9dQZF1DX0aSJooo0zWR,Fusion Fest
spotify:playlist:2Rah43YvyO765e4gACIDef,#Hotmess
spotify:playlist:37i9dQZF1DWVl5gPCRkquk,Chill Folk
spotify:playlist:37i9dQZF1DX9crXQ0wuuXE,Roots Revival
spotify:playlist:5bjjHyKeiGnYdupfr3UUCW,Ultimate Live Jams
spotify:playlist:37i9dQZF1DX2G2VrXHSPQG,Your Alternative
spotify:playlist:37i9dQZF1DWTKyGuxpLg8Z,Blake’s 7: The Audio Series
spotify:playlist:5TQKebIP2y3YGxoklr72aV,Stories for your Inner Child
spotify:playlist:37i9dQZF1DWUPAFOWtSz6P,Yoga Acoustics
spotify:playlist:01WIu4Rst0xeZnTunWxUL7,Beyond the Music
spotify:playlist:37i9dQZF1DWTJSgpZmw7H2,Learn French
spotify:playlist:37i9dQZF1DX5cO1uP1XC1g,Yalla 
spotify:playlist:37i9dQZF1DX6dCTsdzLHOw,Fright Fest
spotify:playlist:37i9dQZF1DX2uk5oHRWimT,Acoustic Christmas
spotify:playlist:37i9dQZF1DWVzrEOEOM5Qu,Christmas Stories
spotify:playlist:7a80QjnKAMnZu5Lx50INeh,FriendsGiving
spotify:playlist:37i9dQZF1DX6afkUGYYDyK,Give Thanks
spotify:playlist:37i9dQZF1DWVxpHBekDUXK,Coping With Loss
spotify:playlist:37i9dQZF1DX9LT7r8qPxfa,noir
spotify:playlist:37i9dQZF1DX7dzHXrANAir,Classical X
spotify:playlist:37i9dQZF1DWSw8liJZcPOI,Not Quite Classical
spotify:playlist:37i9dQZF1DX5hL1aT2vhMb,EQUAL: Classical
spotify:playlist:37i9dQZF1DWV7cvDzE3MOI,This Is Chopin
spotify:playlist:1M2abQkxCwrLjzLGgKWnDP,Bellini's Opera
spotify:playlist:37i9dQZF1DX9WxEZbyU6MA,Choir Classics
spotify:playlist:37i9dQZF1DX0CM2xT3aAkN,Renaissance Classics
spotify:playlist:37i9dQZF1DX2FJ4E5eMYdk,Psych & Groove
spotify:playlist:37i9dQZF1DWUKPeBypcpcP,Nature Noise
spotify:playlist:37i9dQZF1DWXzR2GKEiHgT,Deep Ocean Deep Sleep
spotify:playlist:37i9dQZF1DWUZ5bk6qqDSy,White Noise 10 Hours
spotify:playlist:37i9dQZF1DX5AuRugisweW,Crossroad Blues
spotify:playlist:3kt5kS8Xqjfh8olOS24HX4,"Red, White, & Blue"
spotify:playlist:37i9dQZF1DX2cW2nLJVrZg,Hollywood's Big Night
spotify:playlist:4sEKPcBYLcW3woDviiaigj,50 Songs for Snow
spotify:playlist:37i9dQZF1DWSCaDvxADWZT,St. Patrick's Day 2023
spotify:playlist:3KP0xIq8NrTP7BV2YhpHT5,It's a Boy!
spotify:playlist:37i9dQZF1DX5FyxM4IcLn6,The GRAMMYs Official Playlist
spotify:playlist:52rJQYDn9Q5dufvGPqqzgf,It's a Girl!
spotify:playlist:5pxi1UkDk0BbUPDTPjmi4v,Graduation
spotify:playlist:37i9dQZF1DX0KQrbsfHQvG,Rise Up
spotify:playlist:4se8FxjaBGTHCTXIPoJlc0,Music Happens Here: The Music
spotify:playlist:37i9dQZF1DX2Nc3B70tvx0,Front Page Indie
spotify:playlist:1517hhPIVwA9EN41krpZo3,Best of 2016: Ultimate Indie
spotify:playlist:37i9dQZF1DWWGeEU3DbvDJ,2023 Billboard Music Awards Official Playlist
spotify:playlist:37i9dQZF1DX2oU49YwtXI2,This Is Beyoncé
spotify:playlist:37i9dQZF1DXaQm3ZVg9Z2X,This Is Coldplay
spotify:playlist:37i9dQZF1DX0ZzMQgXnSUD,Best of Bond
spotify:playlist:37i9dQZF1DWXXji4ucB51M,MTV VMAs
spotify:playlist:37i9dQZF1DX1nsfmnIDVAJ,Best of Hamilton
spotify:playlist:0tdTsuJmnf6cRE22DMcgIq,The 2016 AMAs
spotify:playlist:6GZ9F4MZpPdHJEwhq3kHKG,Classic Soul With Seth Rogen
spotify:playlist:37i9dQZF1DXdEH86O6asrX,Soundtracks Épicos
spotify:playlist:2FmMinHNFfX3Apt34AwEqc,Top Gaming Tracks: One Year Together
spotify:playlist:37i9dQZF1DXaUaRhCgtpCo,Best of Star Wars
spotify:playlist:37i9dQZF1DWWF3yivn1m3D,This Is Hans Zimmer
spotify:playlist:0NKCe5F0ORuDO4sPmqhvcQ,Moving Castle Monthly
spotify:playlist:4A01B3wh6uv7yOpzYdVLR3,
spotify:playlist:37i9dQZF1DX43v1NFXUzji,Latin Gaming
spotify:playlist:37i9dQZF1DWTyiBJ6yEqeu,Top Gaming Tracks
spotify:playlist:37i9dQZF1DXdfOcg1fm0VG,Video Game Soundtracks
spotify:playlist:37i9dQZF1DWXpOtMyVOt4Q,Chill Gaming
spotify:playlist:37i9dQZF1DX8GjsySWIS1x,Now Loading.
spotify:playlist:37i9dQZF1DWYnY33e7En9e,Retro Gaming
spotify:playlist:37i9dQZF1DX6taq20FeuKj,Power Gaming
spotify:playlist:37i9dQZF1DX4geSlFB9288,Indie Gaming
spotify:playlist:37i9dQZF1DWT5MrZnPU1zD,Hip Hop Controller
spotify:playlist:37i9dQZF1DWYRNXjFoiid2,Ultimate Pop Gaming
spotify:playlist:4drXxn0GpOXXG6Rp5RvXca,Bread & Dub
spotify:playlist:37i9dQZF1DWTR6lD3pmkqP,21st Century Jazz
spotify:playlist:070FVPBKvfu6M5tf4I9rt2,The Blues Skies
spotify:playlist:37i9dQZF1DXaPpS4GmGB4L,Upbeat Blues
spotify:playlist:37i9dQZF1DX9FIMhEujaK6,Ibiza Sunset
spotify:playlist:37i9dQZF1DX4fpCWaHOned,Confidence Boost
spotify:playlist:37i9dQZF1DX1WSnLRtI26o,Happy Drive
spotify:playlist:37i9dQZF1DWSP55jZj2ES3,Park Hangs
spotify:playlist:37i9dQZF1DWYBO1MoTDhZI,Good Vibes
spotify:playlist:37i9dQZF1DX8CwbNGNKurt,Throwback Workout
spotify:playlist:37i9dQZF1DWWzVPEmatsUB,Mellow Morning
spotify:playlist:37i9dQZF1DWUACcBjzMiIY,Mellow Drive
spotify:playlist:37i9dQZF1DWTQwRw56TKNc,Mellow Classics
spotify:playlist:37i9dQZF1DX8ky12eWIvcW,Throwback Jams
spotify:playlist:37i9dQZF1DX5IDTimEWoTd,Warm Fuzzy Feeling
spotify:playlist:37i9dQZF1DXca8AyWK6Y7g,young & free
spotify:playlist:37i9dQZF1DX3Ogo9pFvBkY,Ambient Relaxation
spotify:playlist:37i9dQZF1DWUOhRIDwDB7M,Rise
spotify:playlist:37i9dQZF1DX7gIoKXt0gmx,All The Feels
spotify:playlist:37i9dQZF1DXea2M7iVhM3V,Killing It
spotify:playlist:37i9dQZF1DX26DKvjp0s9M,Essential Indie
spotify:playlist:37i9dQZF1DWXsTPi6XhWl6,Wide Awake
spotify:playlist:37i9dQZF1DXcgZcN2HVMoe,Morning Coffee
spotify:playlist:37i9dQZF1DWZeKCadgRdKQ,Deep Focus
spotify:playlist:37i9dQZF1DX2sUQwD7tbmL,Feel-Good Indie Rock
spotify:playlist:37i9dQZF1DX9XIFQuFvzM4,Feelin' Good
spotify:playlist:37i9dQZF1DXci7j0DJQgGp,Hanging Out & Relaxing
spotify:playlist:37i9dQZF1DX7KNKjOK0o75,Have a Great Day!
spotify:playlist:37i9dQZF1DX30HHrCAl4ZG,Today's Indie Rock
spotify:playlist:37i9dQZF1DWWEcRhUVtL8n,Indie Pop
spotify:playlist:37i9dQZF1DXdbXrPNafg9d,All New Indie
spotify:playlist:37i9dQZF1DX9myttyycIxA,undercurrents
spotify:playlist:37i9dQZF1DX2MyUCsl25eb,Morning Commute
spotify:playlist:37i9dQZF1DX3bSdu6sAEDF,Evening Commute
spotify:playlist:37i9dQZF1DWXe9gFZP0gtP,Stress Relief
spotify:playlist:37i9dQZF1DX5Ozry5U6G0d,Summer Party
spotify:playlist:37i9dQZF1DWT7XSlwvR1ar,Totally Stress Free
spotify:playlist:37i9dQZF1DWTLSN7iG21yC,Work From Home
spotify:playlist:37i9dQZF1DX4TnpT6vw5rE,Atmospheric Calm
spotify:playlist:37i9dQZF1DX55vgfGaIdlF,After Party//Come Down
spotify:playlist:37i9dQZF1DX83I5je4W4rP,Beach Vibes
spotify:playlist:37i9dQZF1DX5bjCEbRU4SJ,Calm Down
spotify:playlist:37i9dQZF1DX6K3W8KBiALe,Classical Moments in Movies
spotify:playlist:37i9dQZF1DWYcDQ1hSjOpY,Deep Sleep
spotify:playlist:37i9dQZF1DX9B1hu73DioC,Indie Chillout
spotify:playlist:37i9dQZF1DXa1rZf8gLhyz,Jazz for Sleep
spotify:playlist:37i9dQZF1DWVu0D7Y8cYcs,Just Smile
spotify:playlist:37i9dQZF1DX6tTW0xDxScH,Stay in Bed
spotify:playlist:37i9dQZF1DXdQvOLqzNHSW,late night vibes
spotify:playlist:37i9dQZF1DXb83YJL7gTWj,Chill Dinner
spotify:playlist:37i9dQZF1DX0x36cwEyOTG,Peaceful Ambient Indie
spotify:playlist:37i9dQZF1DX6Rl8uES4jYu,Ready for the Day
spotify:playlist:37i9dQZF1DWY8GmMJbmnsS,Timeless Soul Ballads
spotify:playlist:37i9dQZF1DWSTeI2WWFaia,Spilled Ink
spotify:playlist:37i9dQZF1DX6xZZEgC9Ubl,tear drop
spotify:playlist:37i9dQZF1DWSkkUxEhrBdF,Reggae Infusions
spotify:playlist:37i9dQZF1DXdl8xYyG9Dm1,Afro Bars 
spotify:playlist:37i9dQZF1DX889U0CL85jj,Chill Vibes
spotify:playlist:37i9dQZF1DX9udeSemCofA,Heavy Dub
spotify:playlist:37i9dQZF1DWUoqEG4WY6ce,Indie Rock Road Trip
spotify:playlist:5McngUiuALFIS4VVF4oko5,It Only Takes Two
spotify:playlist:37i9dQZF1DX3qCx5yEZkcJ,Mellow Beats
spotify:playlist:37i9dQZF1DX8gDIpdqp1XJ,Modern Psychedelia
spotify:playlist:37i9dQZF1DX0IlCGIUGBsA,Ultimate Party Classics
spotify:playlist:37i9dQZF1DXcTieYAg7jq1,Retro Pop
spotify:playlist:37i9dQZF1DWWOGXILUAh53,Fresh Dance Pop
spotify:playlist:37i9dQZF1DX98f0uoU1Pcs,Noisy
spotify:playlist:37i9dQZF1DXauOWFg72pbl,Beer & Wings
spotify:playlist:37i9dQZF1DXdTCdwCKzXwo,Early Alternative
spotify:playlist:37i9dQZF1DX09NvEVpeM77,Dad Rock
spotify:playlist:37i9dQZF1DWZLN2cXno63R,Café Cubano
spotify:playlist:37i9dQZF1DX1MUPbVKMgJE,Disco Forever
spotify:playlist:37i9dQZF1DX8XxBtyUnC7B,Souvenirs
spotify:playlist:37i9dQZF1DWZgauS5j6pMv,Nu-Funk
spotify:playlist:37i9dQZF1DX23YPJntYMnh,Funk Rock
spotify:playlist:37i9dQZF1DX4pUKG1kS0Ac,Guilty Pleasures
spotify:playlist:2lOMjzyPMlcIvcaWlaF6MB,Historic Venue: Ryman Auditorium
spotify:playlist:37i9dQZF1DX4esiqDZ1sjJ,Jock Jams
spotify:playlist:37i9dQZF1DXcCnTAt8CfNe,Musical Therapy
spotify:playlist:37i9dQZF1DWXS0qyx76B7l,I Love NYC
spotify:playlist:37i9dQZF1DX5W4wuxak2hE,Power Pop
spotify:playlist:37i9dQZF1DXbSbnqxMTGx9,Reggae Classics
spotify:playlist:37i9dQZF1DX3oM43CtKnRV,00s Rock Anthems
spotify:playlist:37i9dQZF1DXcYHsRTcIw5a,Rocksteady
spotify:playlist:2JskSjr3Rl0LAv05L0hjV4,Vocal Acrobats
spotify:playlist:37i9dQZF1DX8OVycSP3AXz,Salut les yéyés
spotify:playlist:37i9dQZF1DX1uusaBwROuk,Breakup Szn
spotify:playlist:37i9dQZF1DX1YMPNuWL6BX,New Year's Eve 2023
spotify:playlist:37i9dQZF1DX8S9gwdi7dev,Halloween Party
spotify:playlist:37i9dQZF1DX0HWhBzpBj05,Happy Holidays
spotify:playlist:0TmNZR8QmL60k1gWWa37fg,Macy's Thanksgiving Day Parade 2013
spotify:playlist:37i9dQZF1DWVLVzn60NyuA,Summer Vibes
spotify:playlist:37i9dQZF1DXbLsFIeybF20,New Orleans Brass
spotify:playlist:37i9dQZF1DWViXqZVTGO3Z,Christmas Spirit
spotify:playlist:37i9dQZF1DXc4BD3pzYdKY,The Flow
spotify:playlist:37i9dQZF1DX7Bi6W3YuUlA,Blessings
spotify:playlist:37i9dQZF1DXcb6CQIjdqKy,Top Christian & Gospel
spotify:playlist:2d96NZvM6U7G14LDQdNfwS,Austin Sounds
spotify:playlist:1MXbpQ8OiNsYtQxiXexPJ7,Sunset in Austin
spotify:playlist:37i9dQZF1DZ06evO3Jefw4,This Is Katy Perry
spotify:playlist:37i9dQZF1DWWNQEmXRHxVe,Halftime Hits
spotify:playlist:37i9dQZF1DXa2HpTqP3clz,Grass Roots
spotify:playlist:37i9dQZF1DXbvABJXBIyiY,Rainy Day
spotify:playlist:37i9dQZF1DX2pSTOxoPbx9,Dark & Stormy
spotify:playlist:37i9dQZF1DWSoTL04mwiZp,Mother's Day
spotify:playlist:6Sz7KT9MhChZuAJDKEWiLF,Kanye To The
spotify:playlist:3sJ6SlgRo56Oa7YhHcLK5l,Found Them First
spotify:playlist:2FjbiwWYHqEifO3VY5LYP8,New Year's 2015
spotify:playlist:3uDgik1xOhjYVsXucW7GEb,A Bite Out Of The Afternoon
spotify:playlist:1Bxi8UJlVM7tLYDMOqsYYF,Girls Night Out
spotify:playlist:7wiCMbRM2F6PQYGLwnJ7GJ,Power Hour
spotify:playlist:3Nh594yQ7PkhEPzUUAKlnH,Let Loose
spotify:playlist:3L1KIXcFcHhfeMlf7pD7IB,Foam Party
spotify:playlist:6wz9sFJRqsmu7ldv0xJOIz,An Epic Evening
spotify:playlist:08vPKM3pmoyF6crB2EtASQ,Falling In Love
spotify:playlist:37i9dQZF1DXdfjr8o5AMIT,Graduation Songs
spotify:playlist:37i9dQZF1DX1BGjF5N5O7F,intertwined
spotify:playlist:37i9dQZF1DXbQ1kpdsa9FU,Everyday Inspiration
spotify:playlist:68oeNrImf1nxjL0RbpZkij,Early Morning Rise
spotify:playlist:5qVqzAenJiKLfRny06XQf0,Backstage
spotify:playlist:1RKtKRcejWjN6ZOkghImIV,Bullet for Hell
spotify:playlist:37i9dQZF1DX9NmDLwNQnXE,A Sudden Rainstorm
spotify:playlist:37i9dQZF1DWSOkubnsDCSS,Grime Shutdown
spotify:playlist:4C0S1zvtcMtk2notLxCL1J,Grand Hustle Gang Spotify Picks
spotify:playlist:2nZndNnauO6SID8cjf4C9F,MMG Spotify Picks
spotify:playlist:3hR94iGaotWbCFv5eDe0gZ,Shady Records Spotify Picks
spotify:playlist:5VvCwhF9WqXKUaJLtJfeXn,Taylor Gang Spotify Picks
spotify:playlist:37i9dQZF1DX3rTk9UUrbYS,Avant-Jazz
spotify:playlist:37i9dQZF1DX3bH0P2uDnWA,Electro Swing
spotify:playlist:37i9dQZF1DWXHghfFFOaS6,Acid Jazz
spotify:playlist:37i9dQZF1DWYotlhbgVGaH,Swing Revival
spotify:playlist:37i9dQZF1DX6KyCRJzZneq,Best of Bebop
spotify:playlist:37i9dQZF1DWWtGE7PB0aRR,Brit-Blues
spotify:playlist:37i9dQZF1DWSTHVqvNCwNq,Delta Blues
spotify:playlist:37i9dQZF1DX4rGCw5bMNp1,Chicago Blues
spotify:playlist:37i9dQZF1DX7nt6DdNdydo,Jump Blues
spotify:playlist:37i9dQZF1DXeaMD6NdSui3,Lone Star Blues
spotify:playlist:37i9dQZF1DXdeoRwG5yUKg,Blue Ballads
spotify:playlist:37i9dQZF1DWT1RLff7HxDm,Blues Live & Loud
spotify:playlist:37i9dQZF1DXdfhOsjRMISB,Country Drive
spotify:playlist:54LbSpjd64NjKPUyYAGkNU,Hours of Ours
spotify:playlist:37i9dQZF1DX0ZgPbUQ205W,Calming Jazz
spotify:playlist:37i9dQZF1DWTEbYi1zYy0Z,New Smooth Jazz
spotify:playlist:37i9dQZF1DWUgBy0IJPlHq,Indigo
spotify:playlist:37i9dQZF1DX5iKSDtVcf7Q,Heartland Country
spotify:playlist:4p3lupatTubTWpTgCZjgpk,Walk a Country Mile
spotify:playlist:6tLfPD2P9syvBV8rgO2Yq1,Honeysuckle Lazy
spotify:playlist:3FfBohQXFlgFnYubzrvoq4,On to Something Good
spotify:playlist:37i9dQZF1DXdgnLr18vPvu,Tailgate Party
spotify:playlist:37i9dQZF1DX0MuOvUqmxDz,Country Christmas
spotify:playlist:37i9dQZF1DX2iUghHXGIjj,Acoustic Blues
spotify:playlist:37i9dQZF1DXcLDm348RRYK,Acoustic Concentration
spotify:playlist:37i9dQZF1DX4WgZiuR77Ef,All Funked Up
spotify:playlist:1S4JPQeJxtsN37X8as5EPk,Back to the Roots
spotify:playlist:37i9dQZF1DX4YLk1hHv7S9,Backyard Wedding
spotify:playlist:37i9dQZF1DX6G7arXBXa3A,Big Band
spotify:playlist:7CHrwiytyubNpnaZqyyUkb,Beer 'n Burgers
spotify:playlist:4LmOnbOmtMUyQQjo6L9mct,Bossa Nova
spotify:playlist:37i9dQZF1DX0N8QTiMHLoT,Bottoms Up
spotify:playlist:37i9dQZF1DWVqfgj8NZEp1,Coffee Table Jazz
spotify:playlist:37i9dQZF1DXdDe8IDhRIo5,Hot Club Swing
spotify:playlist:37i9dQZF1DXb3MZdETGqKB,Nu-Blue
spotify:playlist:37i9dQZF1DX9stbPFTxeaB,Funky Heavy Bluesy
spotify:playlist:37i9dQZF1DX1X7WV84927n,Hard Rock
spotify:playlist:37i9dQZF1DXdOEFt9ZX0dh,Classic Rock Drive
spotify:playlist:37i9dQZF1DXbkKnGZHv1kf,Blues Origins
spotify:playlist:37i9dQZF1DX8f5qTGj8FYl,Instrumental Funk
spotify:playlist:37i9dQZF1DX7UE7qrnkvsf,Jazz for Autumn
spotify:playlist:37i9dQZF1DWTALrdBtcXjw,Jazzy Dinner
spotify:playlist:37i9dQZF1DWTbzY5gOVvKd,Jazzy Romance
spotify:playlist:37i9dQZF1DX55dNU0PWnO5,Jazztronica
spotify:playlist:653U7cDBXXkPZ07Xk8kxL6,King of Pop
spotify:playlist:37i9dQZF1DWSlJG7YPUBHF,Legendary Guitar Solos
spotify:playlist:37i9dQZF1DX0IbLOJtWiun,Rise of the Underdog
spotify:playlist:37i9dQZF1DWYgA6FKKHSd6,Sax and the City
spotify:playlist:37i9dQZF1DXcnkReojaCnV,In the Name of the Blues: Robert Finley Takeover
spotify:playlist:37i9dQZF1DX5Lf3LZ6Czqu,String Theory
spotify:playlist:7hjaw2oDqkMS2uDk5vmzAu,The Jazz Escape
spotify:playlist:6MtNKlWguIlTJ6Q7WAcDtU,Workday - Country
spotify:playlist:3TurM2x1HaeNEztqBnomV6,Workday - Singer-songwriter
spotify:playlist:37i9dQZF1DX68H8ZujdnN7,’80s Hard Rock
spotify:playlist:5rqcJUB5ox8BK3L3Ki7gfF,Tunigo Live
spotify:playlist:37i9dQZEVXbLnolsZ8PSNw,Top 50 - United Kingdom
spotify:playlist:37i9dQZEVXbL3J0k32lWnN,Top 50 - Denmark
spotify:playlist:37i9dQZEVXbNFJfN1Vw8d9,Top 50 - Spain
spotify:playlist:37i9dQZEVXbMxcczTSoGwZ,Top 50 - Finland
spotify:playlist:37i9dQZEVXbIPWwFssbupI,Top 50 - France
spotify:playlist:37i9dQZEVXbKCF6dqVpDkS,Top 50 - Netherlands
spotify:playlist:37i9dQZEVXbJvfa0Yxg7E7,Top 50 - Norway
spotify:playlist:37i9dQZEVXbLoATJ81JYXz,Top 50 - Sweden
spotify:playlist:37i9dQZEVXbLRQDuF5jeBp,Top 50 - USA
spotify:playlist:37i9dQZEVXbKNHh6NIXu36,Top 50 - Austria
spotify:playlist:37i9dQZEVXbJiyhoAPEfMK,Top 50 - Switzerland
spotify:playlist:37i9dQZEVXbJNSeeHswcKB,Top 50 - Belgium
spotify:playlist:37i9dQZEVXbJiZcmkrIHGU,Top 50 - Germany
spotify:playlist:37i9dQZEVXbM8SIrkERIYl,Top 50 - New Zealand
spotify:playlist:37i9dQZEVXbJPcfkRz0wJ0,Top 50 - Australia
spotify:playlist:37i9dQZEVXbKM896FDX8L1,Top 50 - Ireland
spotify:playlist:37i9dQZEVXbKGcyg6TFGx6,Top 50 - Luxembourg
spotify:playlist:37i9dQZEVXbIQnj7RRhdSX,Top 50 - Italy
spotify:playlist:37i9dQZEVXbN6itCcaL3Tt,Top 50 - Poland
spotify:playlist:37i9dQZEVXbKyJS56d1pgi,Top 50 - Portugal
spotify:playlist:37i9dQZEVXbLwpL8TjsxOG,Top 50 - Hong Kong
spotify:playlist:37i9dQZEVXbJlfUljuZExa,Top 50 - Malaysia
spotify:playlist:37i9dQZEVXbK4gjvS1FjPY,Top 50 - Singapore
spotify:playlist:37i9dQZEVXbLesry2Qw2xS,Top 50 - Estonia
spotify:playlist:37i9dQZEVXbKMzVsSGQ49S,Top 50 - Iceland
spotify:playlist:37i9dQZEVXbMx56Rdq5lwc,Top 50 - Lithuania
spotify:playlist:37i9dQZEVXbJWuzDrTxbKS,Top 50 - Latvia
spotify:playlist:37i9dQZEVXbO3qyFxbkOE1,Top 50 - Mexico
spotify:playlist:4lCv0oN3gPxoqvXmA3cDjS,Top Picks Toplists
spotify:playlist:3xGWOQUB6jgHd4PLVQvbfG,Top Picks Pop
spotify:playlist:0q2dbyUyAuUkW3ec6XRwJD,Top Picks Decades
spotify:playlist:45mRKVQrL1pK9tbRp25yro,Top Picks Workout
spotify:playlist:1EQVvrXxgoWdqUHni1LOgm,Top Picks Mood
spotify:playlist:4ruhrP9ntTdDMpjrk22v9u,Top Picks Kids
spotify:playlist:3jh9R9uXIoozPA0uccJt2C,Top Picks Classical
spotify:playlist:5QZZbWjNVjynssxTuO3f0f,Top Picks Pop Culture
spotify:playlist:2WIkzIBRwM9wRD9innJ8b7,Top Picks Party
spotify:playlist:2b5yd7Ox7vb4OcPOOVYwFZ,Top Picks Chill
spotify:playlist:6spPs4oxQEPSWXyXzqg8CR,Top Picks Urban
spotify:playlist:285xVjuyHG2CusStdc8kCS,Top Picks Club
spotify:playlist:7hx7ugiU2MaeXOjQRVDzdk,Top Picks Country
spotify:playlist:2Mecjd64RGHE4vLDMuX88V,Top Picks Events
spotify:playlist:38ZGEwSsiHoOEOu446h75W,Top Picks Groove
spotify:playlist:5QOzTki17fEWKoUVcvTrI2,Top Picks Rock
spotify:playlist:4tSzT9BRuf3qRJDbPz4SlS,Top Picks Romance
spotify:playlist:5LrQkRUFFuKWAJCECd2X9y,Top Picks Jazz and Blues
spotify:playlist:4NAi06Izmj4CPqmMuY1RsE,Top Picks Travel
spotify:playlist:4uLnCAHJw65SyFXXmBSuc0,Top Picks holiday
spotify:playlist:37i9dQZF1DXaxIqwkEGFEh,Out The Mud
spotify:playlist:37i9dQZF1DX1adpUbAHocs,Scenic Route
spotify:playlist:37i9dQZF1DXdCsscAsbRNz,Peace
spotify:playlist:37i9dQZF1DWZd79rJ6a7lp,Sleep
spotify:playlist:37i9dQZF1DXbPHTEEyQ6Hv,Christmas Peaceful Piano
spotify:playlist:37i9dQZF1DX7K31D69s4M1,Piano in the Background
spotify:playlist:37i9dQZF1DWTMYgB8TqtmR,It's Hits Sweden
spotify:playlist:37i9dQZF1DX7ZUug1ANKRP,Main Stage
spotify:playlist:37i9dQZF1DX0sQWfevMRw3,30 km/h
spotify:playlist:37i9dQZF1DXbm6HfkbMtFZ,Feel Good Dinner
spotify:playlist:37i9dQZF1DX5xiztvBdlUf,Deep House Blend
spotify:playlist:37i9dQZF1DX0Uv9tZ47pWo,Girls' Night
spotify:playlist:37i9dQZF1DX05r4Oy3Ln97,Summer House 2023
spotify:playlist:37i9dQZF1DWVf1Phr4ZVgO,An Elegant Affair
spotify:playlist:37i9dQZF1DXcAiMO5AYxE8,Soulful Disco
spotify:playlist:37i9dQZF1DX8TvdyVZSYFY,Acoustic Throwbacks
spotify:playlist:37i9dQZF1DX9loJQLuEvap,Great Female Voices
spotify:playlist:37i9dQZF1DWULEW2RfoSCi,70s Soul Classics
spotify:playlist:37i9dQZF1DXbNxO0uJPyJ9,"12"" Classics"
spotify:playlist:37i9dQZF1DX0nBLMN0XzSQ,Après Ski Classics
spotify:playlist:37i9dQZF1DWTSPqolnbHgK,Autumn Lounge
spotify:playlist:37i9dQZF1DX3b9hbbPi5hD,Best Tracks from Tarantino Films
spotify:playlist:37i9dQZF1DXaVgr4Tx5kRF,"Britpop, Etc."
spotify:playlist:37i9dQZF1DXbrUpGvoi3TS,Broken Heart
spotify:playlist:37i9dQZF1DX8Sz1gsYZdwj,Classical Sleep
spotify:playlist:37i9dQZF1DX9wC1KY45plY,Classic Road Trip Songs
spotify:playlist:37i9dQZF1DX6kz6Kli3wib,Dinner Lounge
spotify:playlist:37i9dQZF1DX32oVqaQE8BM,Chill Out Music
spotify:playlist:37i9dQZF1DWYWddJiPzbvb,Comfort Zone
spotify:playlist:37i9dQZF1DWUI1rlvkdQnb,Cool Down
spotify:playlist:37i9dQZF1DX4xuWVBs4FgJ,Dinner with Friends
spotify:playlist:37i9dQZF1DWWQp0YMTvpD3,Mellow House
spotify:playlist:37i9dQZF1DWY8U6Zq7nvbE,Chill Acoustic Covers
spotify:playlist:37i9dQZF1DWZIOAPKUdaKS,Focus Piano
spotify:playlist:37i9dQZF1DWX83CujKHHOn,Alone Again
spotify:playlist:37i9dQZF1DWTtOKhkK5Mem,In the Arms of a Woman
spotify:playlist:37i9dQZF1DX9sIqqvKsjG8,Instrumental Study
spotify:playlist:37i9dQZF1DX4roJ565TJ33,Svensk jazz
spotify:playlist:37i9dQZF1DX5Ufz5ldo0J4,Keep Calm
spotify:playlist:37i9dQZF1DX2FsCLsHeMrM,Kitchen Swagger
spotify:playlist:37i9dQZF1DXc3FQfFV3K6V,Laidback Acoustic
spotify:playlist:37i9dQZF1DX4wta20PHgwo,Late Night Jazz
spotify:playlist:37i9dQZF1DX3YSRoSdA634,Life Sucks
spotify:playlist:37i9dQZF1DX82pCGH5USnM,Lounge - Soft House
spotify:playlist:37i9dQZF1DXd1MXcE8WTXq,Summer Throwbacks
spotify:playlist:37i9dQZF1DX1tuUiirhaT3,Meditate to the Sounds of Nature
spotify:playlist:37i9dQZF1DXdxcBWuJkbcy,Motivation Mix
spotify:playlist:37i9dQZF1DWYMvTygsLWlG,Love Ballads
spotify:playlist:37i9dQZF1DXcsT4WKI8W8r,Music for a Workday
spotify:playlist:37i9dQZF1DWVcV87ePAqAq,Nyårsfest!
spotify:playlist:37i9dQZF1DX7CB1M7sBt21,Pepplåtar till träningspasset
spotify:playlist:37i9dQZF1DWSluGMsH1R9r,Perfect Concentration
spotify:playlist:37i9dQZF1DWVlLVXKTOAYa,Pop Right Now
spotify:playlist:37i9dQZF1DX9BXb6GsGCLl,Powerwalk!
spotify:playlist:37i9dQZF1DWSDoVybeQisg,Psychedelic Rock
spotify:playlist:37i9dQZF1DWWRktbhJiuqL,Pure Rock & Roll
spotify:playlist:37i9dQZF1DWZUTt0fNaCPB,Running to Rock 170-190 BPM
spotify:playlist:37i9dQZF1DX0jgyAiPl8Af,Peaceful Guitar
spotify:playlist:37i9dQZF1DWSUFOo47GEsI,Sleep Tight
spotify:playlist:37i9dQZF1DWSqmBTGDYngZ,Songs to Sing in the Shower
spotify:playlist:37i9dQZF1DX4Q2SnB3glnP,SPA Treatment
spotify:playlist:37i9dQZF1DXawcx4otNoU1,Spooning
spotify:playlist:37i9dQZF1DX4IkJGKNp9lO,Svensk Punk
spotify:playlist:37i9dQZF1DX6DtDmlyZ4X7,Pluggfokus
spotify:playlist:37i9dQZF1DX2pto11EMGQc,Bachelor Party
spotify:playlist:37i9dQZF1DX94QVAxB7Dum,The Black Power Mixtape 1967–1975
spotify:playlist:37i9dQZF1DX7F6T2n2fegs,Throwback Party
spotify:playlist:37i9dQZF1DXarlH9zHuV0v,Ultimate Halloween
spotify:playlist:37i9dQZF1DWT5lkChsPmpy,Workday Lounge
spotify:playlist:37i9dQZF1DX8Md3JnnrexB,Soulful Blend
spotify:playlist:2EaYMuzaVSdPjJOqg77E2E,Women of Sweden
spotify:playlist:37i9dQZF1DX0UrRvztWcAU,Wake Up Happy
spotify:playlist:1m6DKwKNM1YLcm3OX6RzJg,Kvinnor att ha koll på 2014
spotify:playlist:37i9dQZF1DX0ekBHz1NmKS,Made in Sweden
spotify:playlist:37i9dQZF1DXdPec7aLTmlC,Happy Hits!
spotify:playlist:37i9dQZF1DWXfgo3OOonqa,100
spotify:playlist:37i9dQZF1DX4OF8aCFCpJb,Svensk Reggae
spotify:playlist:37i9dQZF1DX3IN93M08EFq,Spela Shoreline!
spotify:playlist:37i9dQZF1DWYgwF78otcGY,Schlagerfest
spotify:playlist:37i9dQZF1DX0Ew6u9sRtTY,One-Hit Wonders
spotify:playlist:1xAmEtLT8c17IisGUa1f4M,38 Great Female Duets
spotify:playlist:7oTMBMLu6EI4l163C9fkhg,Best of Boybands and Girl Groups
spotify:playlist:37i9dQZF1DX6BCd5Q12fpZ,Eurovision Party
spotify:playlist:37i9dQZF1DX4Y4RhrZqHhr,Beach Party
spotify:playlist:5MkJ5KSzz4wmCpIFvM6pFT,Johnossi
spotify:playlist:2CTBt2glXb1wEzUa6wCbWU,Håkan Hellström
spotify:playlist:52JrW4dL2mDe1Dneq0vH1I,Rodriguez
spotify:playlist:4pL8YJw0ts5YcpxEgl1LiL,Of Monsters and Men
spotify:playlist:3zxOlGe8vWwQA8eLRXBqTY,Alicia Keys
spotify:playlist:6c51ZkUk7wO3Icy2sW3jvA,Daniel Adams-Ray
spotify:playlist:4lwqQxljF1Rge3X4eMzdza,Kendrick Lamar
spotify:playlist:5grxWts6M4gvPZFrWSNOBl,Disclosure
spotify:playlist:67zOV0qxT0TT8JEHZDCBDd,Miguel
spotify:playlist:37i9dQZF1DX4ELVW61Sklr,R&B Christmas
spotify:playlist:37i9dQZF1DXaXDsfv6nvZ5,Soul Coffee
spotify:playlist:37i9dQZF1DX843Qf4lrFtZ,"young, wild & free"
spotify:playlist:0LqjAibgbS9ep32zZrDcAN,Welcome Home
spotify:playlist:37i9dQZF1DWU8quswnFt3c,EQUAL Global
spotify:playlist:37i9dQZF1DWYtQSOiZF6hj,Happy Birthday
spotify:playlist:6PzNMpCPMDMo1pOUjNhDUC,Kids B-day Party
spotify:playlist:2mADaSxlIcxRDSG9e9vLlh,Walk The Dog
spotify:playlist:0uZg7go8TKu5hpv1L6CJ4y,Tagga För OS
spotify:playlist:5wPUMOWXlhmk9XmGO4RtKz,Commuter Flow (That Fire For Your Aux Cord)
spotify:playlist:37i9dQZF1DWWiDhnQ2IIru,70s Road Trip
spotify:playlist:1cddSHoeIrE3m0i8TqYNbn,Annorlunda Kärlekslåtar
spotify:playlist:5Dn14a8hNIhT3NLLjUUBGL,Fuck Valentine!
spotify:playlist:1apRF10Iufr0NBBiF1u7E5,Valentine anger
spotify:playlist:7qeSmszUjRBWOwHzlxfEXt,Det är så tråkigt och trist utan dig
spotify:playlist:2PMlGn5a2jxukdhCYQyQvG,Inget är större än KÄRLEKEN
spotify:playlist:3cC0Hnr7idCemR4JxOh2lI,Folk & Rock 200 favoriter
spotify:playlist:24HEIuw8etbkitpDCxZ1dQ,The Critics Choice 2012
spotify:playlist:0NYlvGXveeyvhb5G80LPtA,EM Fotboll 2012
spotify:playlist:2IBmQa3jJULanJldYav1jW,Way Out West 2013
spotify:playlist:3PNltrHQaYdqO0FdTAZ3wB,Sweden Rock 2013
spotify:playlist:7LxjY6mdINPgSVhILU2nk6,Metaltown 2013
spotify:playlist:0pTJgTL7GIhxto5z35Rfwu,Hultsfred 2013
spotify:playlist:3JqYduMX06DjhsJRBG4kN5,Putte i Parken 2013
spotify:playlist:4ftQXs8PU4QMqPLMaJG7QT,Getaway Rock 2013
spotify:playlist:74Wbo0ObpdSDnCIGvEDHOk,Bråvalla Festival 2013
spotify:playlist:5Q9dGaDLzwijaWkI4yFfSk,Peace & Love 2013
spotify:playlist:2fC7gpl3V9MmCc8gBPHc66,Sonisphere
spotify:playlist:6ClBNzH2PMh2jvkEuSFBFJ,Gainsville Stockholm 2012
spotify:playlist:0DH66SG2vZ7dIocTxxA5q9,Ystad Sweden Jazzfestival 2012
spotify:playlist:2XQnLAZo27gz7VGRBl34l9,Storsjöyran 2012
spotify:playlist:4muFXNJjmJvLWdHmx0PKYO,Emmaboda 2012
spotify:playlist:6lrsZHHFL65pjpDcjv6sFi,Stockholm Music & Arts 2012
spotify:playlist:0mJut6QO3dUUAOJlBPujT1,Popaganda 2012
spotify:playlist:6cSO5pHOCQxoEiXYDPa3Uq,Metaltown 2012
spotify:playlist:7b1rMSnmiYfj8nH8spIjxF,Urkult 2012
spotify:playlist:2xxkK8eaOyM6JRhHOheZBZ,Sweden Rock Festival 2012
spotify:playlist:26yS4HN010lrCBBlCbjF2b,Hultsfred 2012
spotify:playlist:5eRHTcvWyEU0MEzNOiR2j1,Putte i parken 2012
spotify:playlist:4mM7tVGeVv4dOFPTlftofk,Getaway Rock 2012
spotify:playlist:7DcfXNVB5WpzYwCkqBaVDx,Peace & Love 2012
spotify:playlist:33eWAE7F4bBUAjGtJVtCYB,Sveriges Nationaldag
spotify:playlist:37i9dQZF1DWX6s7PHJnk94,Dans runt stången
spotify:playlist:3ukqAcaahACMyRzpkwHXew,New year's eve by Icona Pop
spotify:playlist:37i9dQZF1DX1ZrmwZWFpDG,New Year's Dance Floor
spotify:playlist:5zyeLrOc31CPX7uk9xNL7y,Swing in the New Year
spotify:playlist:214Nwj78JwTfjSeQxbGxeX,Alternative New Year's Eve
spotify:playlist:37i9dQZF1DWW6FKfbzAFjW,Cinco de Mayo
spotify:playlist:37i9dQZF1DX50QitC6Oqtn,Love Pop
spotify:playlist:37i9dQZF1DX561TxkFttR4,Soft Piano
spotify:playlist:3yUO32lGCEnAfFGORSEsy4,Raw Expression
spotify:playlist:37i9dQZF1DXbwoaqxaoAVr,Summer Sunshine Reggae
spotify:playlist:37i9dQZF1DX3ohNxI5tB79,Morning Rhythm
spotify:playlist:37i9dQZF1DX44dZ4p5QLf4,Next Wave Soul
spotify:playlist:37i9dQZF1DX8MbMfAHb8U0,I Love My Neo-Soul
spotify:playlist:37i9dQZF1DXdc0DUqaW3MZ,Soultronic
spotify:playlist:37i9dQZF1DXab8DipvnuNU,The Cookout
spotify:playlist:2k9EArKbf7N3QUmuNJHSo8,Intervju med Seinabo Sey
spotify:playlist:5sk53m6HgZorO1RDUkaiIZ,The official Bråvalla Festival playlist 2017
spotify:playlist:73boXMJz9iBoXxQVFZ94r5,International Playboy
spotify:playlist:2y74Ha0ztRUcIYmqITh0D4,National Blood Week
spotify:playlist:1k9jG0FUp7BcrAF1MZSabO,Most Listened To British Dads on Spotify
spotify:playlist:37i9dQZF1DX2L0iB23Enbq,Viral Hits
spotify:playlist:37i9dQZF1DWVmps5U8gHNv,Essential Folk
spotify:playlist:37i9dQZF1DX3WvGXE8FqYX,Women of Pop
spotify:playlist:5ji4GZJpll6twskFvKxiHx,dw-c
spotify:playlist:40VxbK9NqccdUDUpiUXmbp,dw_g
spotify:playlist:0RTz1jFo5BXGPfI8eVf8sj,Top Shower Songs
spotify:playlist:4lgseztVwmKQ8MNETPVIny,foodora dinner playlist
